month,region,category,sales_target,profit_target
2023-01-01,North,Electronics,2402076.2,429592.83
2023-01-01,North,Mobile & Accessories,1566148.21,303383.59
2023-01-01,North,Computers,2168492.52,332990.91
2023-01-01,North,Home Appliances,2212678.11,437352.01
2023-01-01,North,Furniture,1424377.89,236792.86
2023-01-01,North,Clothing,1273786.97,232971.71
2023-01-01,North,Shoes,939941.89,186346.1
2023-01-01,North,Beauty & Personal Care,662313.75,114060.67
2023-01-01,North,Grocery,783949.18,139368.01
2023-01-01,North,Sports,613009.85,86421.0
2023-01-01,North,Books,557521.2,79956.64
2023-01-01,North,Toys,620816.42,95091.76
2023-01-01,South,Electronics,2982578.73,643521.94
2023-01-01,South,Mobile & Accessories,1765990.04,228453.76
2023-01-01,South,Computers,2299260.86,353613.41
2023-01-01,South,Home Appliances,2839157.68,408480.41
2023-01-01,South,Furniture,1382538.61,173131.04
2023-01-01,South,Clothing,998139.7,216129.96
2023-01-01,South,Shoes,1205349.28,240685.55
2023-01-01,South,Beauty & Personal Care,709835.18,88913.97
2023-01-01,South,Grocery,1057717.35,167466.01
2023-01-01,South,Sports,655990.73,97014.93
2023-01-01,South,Books,410148.88,76332.91
2023-01-01,South,Toys,568221.37,95757.35
2023-01-01,East,Electronics,2010942.41,298680.95
2023-01-01,East,Mobile & Accessories,1902358.93,314405.2
2023-01-01,East,Computers,2295512.42,477214.95
2023-01-01,East,Home Appliances,2756435.8,326700.11
2023-01-01,East,Furniture,1539462.97,237341.91
2023-01-01,East,Clothing,1400550.96,270088.96
2023-01-01,East,Shoes,950693.73,124698.93
2023-01-01,East,Beauty & Personal Care,895608.0,113914.31
2023-01-01,East,Grocery,828108.01,135628.59
2023-01-01,East,Sports,845938.67,142553.04
2023-01-01,East,Books,472976.14,68210.94
2023-01-01,East,Toys,541330.49,68859.63
2023-01-01,West,Electronics,2939925.24,335410.56
2023-01-01,West,Mobile & Accessories,1864994.11,307589.56
2023-01-01,West,Computers,2363390.94,358295.73
2023-01-01,West,Home Appliances,2933553.03,463856.81
2023-01-01,West,Furniture,1883913.84,258362.18
2023-01-01,West,Clothing,1238312.38,150542.89
2023-01-01,West,Shoes,1024661.35,157221.42
2023-01-01,West,Beauty & Personal Care,676945.96,119452.46
2023-01-01,West,Grocery,1082437.05,122202.29
2023-01-01,West,Sports,591176.9,60161.36
2023-01-01,West,Books,480285.62,51870.05
2023-01-01,West,Toys,652945.04,78973.33
2023-02-01,North,Electronics,3051342.63,541239.28
2023-02-01,North,Mobile & Accessories,1788180.0,372382.81
2023-02-01,North,Computers,1918029.19,379530.88
2023-02-01,North,Home Appliances,2832916.19,379135.42
2023-02-01,North,Furniture,1414525.47,172046.24
2023-02-01,North,Clothing,1229917.62,161253.1
2023-02-01,North,Shoes,1121414.4,119875.78
2023-02-01,North,Beauty & Personal Care,910691.32,140840.55
2023-02-01,North,Grocery,1042972.51,147444.71
2023-02-01,North,Sports,584380.4,77842.32
2023-02-01,North,Books,460668.52,91869.04
2023-02-01,North,Toys,591281.98,108406.04
2023-02-01,South,Electronics,2934138.26,532104.93
2023-02-01,South,Mobile & Accessories,2137186.85,402631.77
2023-02-01,South,Computers,1930062.52,386294.83
2023-02-01,South,Home Appliances,2557312.96,397766.92
2023-02-01,South,Furniture,1657224.1,322715.59
2023-02-01,South,Clothing,1187741.91,231456.87
2023-02-01,South,Shoes,833967.21,115123.53
2023-02-01,South,Beauty & Personal Care,998534.15,113209.39
2023-02-01,South,Grocery,938203.73,122498.18
2023-02-01,South,Sports,637159.23,113708.93
2023-02-01,South,Books,504474.11,76863.94
2023-02-01,South,Toys,601638.28,94695.57
2023-02-01,East,Electronics,2539959.65,461958.81
2023-02-01,East,Mobile & Accessories,2248935.05,368457.62
2023-02-01,East,Computers,2266078.3,283327.81
2023-02-01,East,Home Appliances,2935814.74,386482.95
2023-02-01,East,Furniture,1399709.61,266362.88
2023-02-01,East,Clothing,996600.08,146712.74
2023-02-01,East,Shoes,874463.24,129845.63
2023-02-01,East,Beauty & Personal Care,920014.64,196985.31
2023-02-01,East,Grocery,955581.4,205414.27
2023-02-01,East,Sports,604067.73,90584.73
2023-02-01,East,Books,432162.67,94866.92
2023-02-01,East,Toys,558863.11,113895.53
2023-02-01,West,Electronics,2562689.8,458238.63
2023-02-01,West,Mobile & Accessories,1899102.95,404349.48
2023-02-01,West,Computers,1961428.34,222833.68
2023-02-01,West,Home Appliances,2756007.1,276460.19
2023-02-01,West,Furniture,1471425.12,236374.85
2023-02-01,West,Clothing,1430031.55,195009.63
2023-02-01,West,Shoes,984248.94,114077.02
2023-02-01,West,Beauty & Personal Care,875014.07,105581.72
2023-02-01,West,Grocery,731581.38,106115.14
2023-02-01,West,Sports,641207.5,87050.82
2023-02-01,West,Books,461682.85,82936.46
2023-02-01,West,Toys,691498.91,142392.44
2023-03-01,North,Electronics,2681121.32,427291.56
2023-03-01,North,Mobile & Accessories,1564243.33,270241.58
2023-03-01,North,Computers,1900719.06,391333.28
2023-03-01,North,Home Appliances,2819920.13,467628.04
2023-03-01,North,Furniture,1493670.06,153220.33
2023-03-01,North,Clothing,1438597.44,188678.09
2023-03-01,North,Shoes,1203256.8,154324.08
2023-03-01,North,Beauty & Personal Care,743346.45,145520.49
2023-03-01,North,Grocery,782148.11,131230.57
2023-03-01,North,Sports,652624.01,127724.07
2023-03-01,North,Books,435349.15,52387.15
2023-03-01,North,Toys,596365.69,86107.96
2023-03-01,South,Electronics,3022354.96,634643.34
2023-03-01,South,Mobile & Accessories,2170743.02,265213.07
2023-03-01,South,Computers,1804090.01,254976.87
2023-03-01,South,Home Appliances,2020592.72,353676.68
2023-03-01,South,Furniture,1732103.47,240931.05
2023-03-01,South,Clothing,1300613.7,177176.19
2023-03-01,South,Shoes,971317.96,143495.1
2023-03-01,South,Beauty & Personal Care,848113.67,183819.99
2023-03-01,South,Grocery,947732.51,144014.29
2023-03-01,South,Sports,706191.18,96796.07
2023-03-01,South,Books,550105.59,69466.63
2023-03-01,South,Toys,649913.81,123703.59
2023-03-01,East,Electronics,3072619.44,351760.5
2023-03-01,East,Mobile & Accessories,1985335.36,359260.99
2023-03-01,East,Computers,2107342.33,238660.2
2023-03-01,East,Home Appliances,2803560.01,424262.83
2023-03-01,East,Furniture,1371679.43,163951.3
2023-03-01,East,Clothing,1409593.99,237316.08
2023-03-01,East,Shoes,1029020.46,109789.14
2023-03-01,East,Beauty & Personal Care,874896.97,114744.47
2023-03-01,East,Grocery,877103.62,126041.71
2023-03-01,East,Sports,726467.35,127266.06
2023-03-01,East,Books,432031.73,44738.01
2023-03-01,East,Toys,766315.5,81730.0
2023-03-01,West,Electronics,2321677.78,480573.58
2023-03-01,West,Mobile & Accessories,1666945.11,334918.37
2023-03-01,West,Computers,1919472.04,403567.38
2023-03-01,West,Home Appliances,2076352.96,218575.83
2023-03-01,West,Furniture,1541097.04,312836.06
2023-03-01,West,Clothing,1124549.84,237335.95
2023-03-01,West,Shoes,882675.35,96959.62
2023-03-01,West,Beauty & Personal Care,851785.42,163949.96
2023-03-01,West,Grocery,739447.51,135377.46
2023-03-01,West,Sports,630784.65,98032.4
2023-03-01,West,Books,452546.86,75863.82
2023-03-01,West,Toys,724868.33,113800.16
2023-04-01,North,Electronics,2204968.02,393964.92
2023-04-01,North,Mobile & Accessories,1450064.87,149015.75
2023-04-01,North,Computers,2387765.67,330287.52
2023-04-01,North,Home Appliances,2343412.18,359110.43
2023-04-01,North,Furniture,1533222.66,333432.89
2023-04-01,North,Clothing,1008259.75,195054.11
2023-04-01,North,Shoes,1136949.69,151825.18
2023-04-01,North,Beauty & Personal Care,974715.09,197454.15
2023-04-01,North,Grocery,766291.91,153463.99
2023-04-01,North,Sports,847418.43,108391.38
2023-04-01,North,Books,620928.64,110665.25
2023-04-01,North,Toys,775192.12,130970.76
2023-04-01,South,Electronics,2280278.36,397174.27
2023-04-01,South,Mobile & Accessories,1597593.16,213485.66
2023-04-01,South,Computers,2353907.9,473794.38
2023-04-01,South,Home Appliances,2969246.02,630186.45
2023-04-01,South,Furniture,1363684.87,172593.39
2023-04-01,South,Clothing,1266733.46,154335.55
2023-04-01,South,Shoes,996882.65,132575.11
2023-04-01,South,Beauty & Personal Care,769259.38,160462.85
2023-04-01,South,Grocery,1043944.09,156457.04
2023-04-01,South,Sports,586237.17,67392.49
2023-04-01,South,Books,473074.24,66860.31
2023-04-01,South,Toys,711661.02,93977.7
2023-04-01,East,Electronics,2924765.12,508647.71
2023-04-01,East,Mobile & Accessories,1676645.91,189679.88
2023-04-01,East,Computers,2618538.22,388690.45
2023-04-01,East,Home Appliances,2492347.82,287197.7
2023-04-01,East,Furniture,1941777.27,391138.31
2023-04-01,East,Clothing,1437076.0,166728.15
2023-04-01,East,Shoes,1012509.9,146850.94
2023-04-01,East,Beauty & Personal Care,703094.16,132577.48
2023-04-01,East,Grocery,1093481.53,210771.49
2023-04-01,East,Sports,750522.24,130576.7
2023-04-01,East,Books,433244.23,46533.53
2023-04-01,East,Toys,759977.35,95492.37
2023-04-01,West,Electronics,3060876.67,398611.21
2023-04-01,West,Mobile & Accessories,1531697.23,182435.91
2023-04-01,West,Computers,1918801.11,192821.0
2023-04-01,West,Home Appliances,2829025.05,453642.33
2023-04-01,West,Furniture,1989601.59,345987.47
2023-04-01,West,Clothing,1303406.5,196587.36
2023-04-01,West,Shoes,871083.38,140829.95
2023-04-01,West,Beauty & Personal Care,715429.29,117255.31
2023-04-01,West,Grocery,827951.88,118496.7
2023-04-01,West,Sports,783612.77,126983.45
2023-04-01,West,Books,549480.26,110979.22
2023-04-01,West,Toys,623020.06,83685.43
2023-05-01,North,Electronics,2350720.88,352930.26
2023-05-01,North,Mobile & Accessories,2115189.4,216688.18
2023-05-01,North,Computers,1798079.28,389614.12
2023-05-01,North,Home Appliances,2925451.89,388641.93
2023-05-01,North,Furniture,1575698.05,298877.16
2023-05-01,North,Clothing,1311951.33,274016.08
2023-05-01,North,Shoes,943552.22,127451.3
2023-05-01,North,Beauty & Personal Care,646430.69,137364.49
2023-05-01,North,Grocery,725458.95,76377.79
2023-05-01,North,Sports,593521.65,100101.73
2023-05-01,North,Books,422483.93,57110.59
2023-05-01,North,Toys,685611.2,131714.97
2023-05-01,South,Electronics,3012581.86,362190.75
2023-05-01,South,Mobile & Accessories,2039479.63,326328.4
2023-05-01,South,Computers,2201728.04,451867.98
2023-05-01,South,Home Appliances,2749552.59,352888.53
2023-05-01,South,Furniture,1994390.71,249715.21
2023-05-01,South,Clothing,1424202.03,274814.9
2023-05-01,South,Shoes,1161349.27,209938.75
2023-05-01,South,Beauty & Personal Care,842565.01,87202.71
2023-05-01,South,Grocery,1008449.59,131678.9
2023-05-01,South,Sports,788624.79,101240.84
2023-05-01,South,Books,442450.49,80893.53
2023-05-01,South,Toys,565780.64,108510.94
2023-05-01,East,Electronics,2118288.87,318599.39
2023-05-01,East,Mobile & Accessories,1598729.49,238929.02
2023-05-01,East,Computers,2511308.18,374813.34
2023-05-01,East,Home Appliances,2736864.12,551172.63
2023-05-01,East,Furniture,1860964.03,391514.61
2023-05-01,East,Clothing,1119426.8,123481.78
2023-05-01,East,Shoes,929447.67,171757.72
2023-05-01,East,Beauty & Personal Care,844329.85,99382.74
2023-05-01,East,Grocery,1092005.18,139408.72
2023-05-01,East,Sports,609148.76,112913.87
2023-05-01,East,Books,404239.43,70817.8
2023-05-01,East,Toys,536189.09,56121.63
2023-05-01,West,Electronics,2093535.09,218451.34
2023-05-01,West,Mobile & Accessories,1652423.91,199022.61
2023-05-01,West,Computers,2746747.19,425874.58
2023-05-01,West,Home Appliances,2149969.58,249539.44
2023-05-01,West,Furniture,1952956.56,282587.94
2023-05-01,West,Clothing,1162262.69,191966.03
2023-05-01,West,Shoes,1002355.96,157387.63
2023-05-01,West,Beauty & Personal Care,770614.5,119840.33
2023-05-01,West,Grocery,994334.05,120155.97
2023-05-01,West,Sports,801632.9,117043.04
2023-05-01,West,Books,525058.2,83548.13
2023-05-01,West,Toys,571752.49,99175.08
2023-06-01,North,Electronics,2893712.69,428282.67
2023-06-01,North,Mobile & Accessories,1925667.29,231212.0
2023-06-01,North,Computers,2513304.12,432928.57
2023-06-01,North,Home Appliances,2893372.92,621707.26
2023-06-01,North,Furniture,1843612.76,290413.04
2023-06-01,North,Clothing,1429094.9,269357.87
2023-06-01,North,Shoes,1128143.85,182580.72
2023-06-01,North,Beauty & Personal Care,660693.97,103632.35
2023-06-01,North,Grocery,965609.2,113106.55
2023-06-01,North,Sports,697658.17,94855.68
2023-06-01,North,Books,619338.19,107894.12
2023-06-01,North,Toys,719402.18,120410.1
2023-06-01,South,Electronics,2007061.54,289648.6
2023-06-01,South,Mobile & Accessories,2213102.45,323904.52
2023-06-01,South,Computers,2133663.41,384207.51
2023-06-01,South,Home Appliances,2514590.54,284093.65
2023-06-01,South,Furniture,1732195.84,222200.09
2023-06-01,South,Clothing,1409208.9,266065.1
2023-06-01,South,Shoes,987587.66,207003.05
2023-06-01,South,Beauty & Personal Care,766807.32,134844.36
2023-06-01,South,Grocery,1104320.73,173111.25
2023-06-01,South,Sports,731093.34,135476.43
2023-06-01,South,Books,566563.68,60071.48
2023-06-01,South,Toys,790221.89,173612.81
2023-06-01,East,Electronics,2859525.66,415510.66
2023-06-01,East,Mobile & Accessories,1869211.78,367851.44
2023-06-01,East,Computers,2480297.11,425586.36
2023-06-01,East,Home Appliances,2360659.65,271508.38
2023-06-01,East,Furniture,1897902.51,217035.07
2023-06-01,East,Clothing,1370239.41,146244.51
2023-06-01,East,Shoes,1185611.75,128055.08
2023-06-01,East,Beauty & Personal Care,964539.26,156595.65
2023-06-01,East,Grocery,843369.47,104947.72
2023-06-01,East,Sports,669462.95,91120.32
2023-06-01,East,Books,402973.24,76858.36
2023-06-01,East,Toys,520554.85,89543.54
2023-06-01,West,Electronics,2814587.88,410791.03
2023-06-01,West,Mobile & Accessories,2000099.51,412269.36
2023-06-01,West,Computers,2049353.38,357904.78
2023-06-01,West,Home Appliances,2800129.65,327775.34
2023-06-01,West,Furniture,1643417.41,314260.53
2023-06-01,West,Clothing,1152214.33,131272.31
2023-06-01,West,Shoes,814662.65,131406.14
2023-06-01,West,Beauty & Personal Care,893436.68,111408.7
2023-06-01,West,Grocery,952849.59,127717.17
2023-06-01,West,Sports,637750.95,65622.7
2023-06-01,West,Books,604657.14,114675.2
2023-06-01,West,Toys,634732.53,97405.11
2023-07-01,North,Electronics,2937221.58,370836.22
2023-07-01,North,Mobile & Accessories,1498133.18,297221.16
2023-07-01,North,Computers,2323379.25,404588.66
2023-07-01,North,Home Appliances,2212460.61,453882.25
2023-07-01,North,Furniture,1812556.84,266341.8
2023-07-01,North,Clothing,1031750.25,127618.7
2023-07-01,North,Shoes,1241426.16,139619.73
2023-07-01,North,Beauty & Personal Care,906998.99,118226.47
2023-07-01,North,Grocery,789866.03,142843.23
2023-07-01,North,Sports,575399.29,66273.87
2023-07-01,North,Books,431944.73,49949.23
2023-07-01,North,Toys,708440.38,138331.27
2023-07-01,South,Electronics,2578146.28,313018.57
2023-07-01,South,Mobile & Accessories,2038453.38,330825.44
2023-07-01,South,Computers,2236311.97,430243.72
2023-07-01,South,Home Appliances,2319700.03,445281.41
2023-07-01,South,Furniture,1930821.34,320779.42
2023-07-01,South,Clothing,1333365.24,233519.8
2023-07-01,South,Shoes,888971.57,115318.43
2023-07-01,South,Beauty & Personal Care,993053.49,184314.37
2023-07-01,South,Grocery,732284.73,144564.83
2023-07-01,South,Sports,846268.04,123674.28
2023-07-01,South,Books,585555.77,64856.51
2023-07-01,South,Toys,629421.39,128336.67
2023-07-01,East,Electronics,2971554.29,508605.16
2023-07-01,East,Mobile & Accessories,1619721.73,226307.34
2023-07-01,East,Computers,2263351.59,439106.82
2023-07-01,East,Home Appliances,2924685.61,576317.53
2023-07-01,East,Furniture,1631775.17,318295.73
2023-07-01,East,Clothing,1068759.41,187651.43
2023-07-01,East,Shoes,1183740.81,161729.82
2023-07-01,East,Beauty & Personal Care,688054.8,77076.24
2023-07-01,East,Grocery,1112465.07,194128.91
2023-07-01,East,Sports,616322.81,123964.48
2023-07-01,East,Books,472472.76,63390.64
2023-07-01,East,Toys,599856.64,104771.27
2023-07-01,West,Electronics,2472693.31,493997.14
2023-07-01,West,Mobile & Accessories,2110307.36,258859.46
2023-07-01,West,Computers,2023565.75,407712.9
2023-07-01,West,Home Appliances,2383421.17,508853.64
2023-07-01,West,Furniture,1306621.01,222257.84
2023-07-01,West,Clothing,1179531.61,223388.69
2023-07-01,West,Shoes,1017619.46,151443.54
2023-07-01,West,Beauty & Personal Care,777202.77,100347.13
2023-07-01,West,Grocery,723338.69,151491.49
2023-07-01,West,Sports,628350.23,136694.99
2023-07-01,West,Books,433627.16,79934.97
2023-07-01,West,Toys,710410.67,146557.49
2023-08-01,North,Electronics,2233796.37,262865.2
2023-08-01,North,Mobile & Accessories,1943332.9,314630.55
2023-08-01,North,Computers,1923198.23,417835.62
2023-08-01,North,Home Appliances,2964563.62,301332.91
2023-08-01,North,Furniture,1680964.76,345757.95
2023-08-01,North,Clothing,1005457.67,139230.27
2023-08-01,North,Shoes,918740.05,138813.27
2023-08-01,North,Beauty & Personal Care,879677.43,142613.23
2023-08-01,North,Grocery,734110.99,81318.8
2023-08-01,North,Sports,595127.75,105051.6
2023-08-01,North,Books,435716.2,46659.95
2023-08-01,North,Toys,771755.51,124500.81
2023-08-01,South,Electronics,2445356.6,456636.59
2023-08-01,South,Mobile & Accessories,1688879.19,353370.52
2023-08-01,South,Computers,2722071.86,585973.43
2023-08-01,South,Home Appliances,2619295.93,363052.83
2023-08-01,South,Furniture,1734357.82,304076.65
2023-08-01,South,Clothing,1322796.68,275965.27
2023-08-01,South,Shoes,1136543.76,228768.06
2023-08-01,South,Beauty & Personal Care,830412.14,145379.81
2023-08-01,South,Grocery,927759.01,133797.0
2023-08-01,South,Sports,758730.45,77863.13
2023-08-01,South,Books,605264.25,99538.18
2023-08-01,South,Toys,673436.66,100527.82
2023-08-01,East,Electronics,3089600.27,538295.27
2023-08-01,East,Mobile & Accessories,1517166.89,238234.47
2023-08-01,East,Computers,2642439.37,334334.42
2023-08-01,East,Home Appliances,2215987.26,337263.32
2023-08-01,East,Furniture,1352896.05,293233.01
2023-08-01,East,Clothing,1478887.51,263710.49
2023-08-01,East,Shoes,914805.95,129994.59
2023-08-01,East,Beauty & Personal Care,889200.56,117371.61
2023-08-01,East,Grocery,1049188.85,137165.78
2023-08-01,East,Sports,695029.24,142829.18
2023-08-01,East,Books,464929.11,78902.65
2023-08-01,East,Toys,658198.14,91152.47
2023-08-01,West,Electronics,2292921.25,323380.15
2023-08-01,West,Mobile & Accessories,1480678.35,279779.54
2023-08-01,West,Computers,2049986.35,393781.84
2023-08-01,West,Home Appliances,2248595.89,275723.18
2023-08-01,West,Furniture,1524838.68,307146.52
2023-08-01,West,Clothing,1109103.76,163040.4
2023-08-01,West,Shoes,823367.61,123635.14
2023-08-01,West,Beauty & Personal Care,654805.3,143666.77
2023-08-01,West,Grocery,872956.27,180818.49
2023-08-01,West,Sports,836473.07,106958.25
2023-08-01,West,Books,506157.81,52812.37
2023-08-01,West,Toys,694364.97,97790.1
2023-09-01,North,Electronics,2214213.33,280715.51
2023-09-01,North,Mobile & Accessories,1520083.33,319281.65
2023-09-01,North,Computers,2193315.13,458964.36
2023-09-01,North,Home Appliances,2183806.81,279141.19
2023-09-01,North,Furniture,1880505.99,210388.69
2023-09-01,North,Clothing,1217485.42,259641.88
2023-09-01,North,Shoes,1173161.08,140412.27
2023-09-01,North,Beauty & Personal Care,807892.81,173749.16
2023-09-01,North,Grocery,1007530.49,153943.44
2023-09-01,North,Sports,849782.82,141496.86
2023-09-01,North,Books,436313.46,59044.39
2023-09-01,North,Toys,765308.2,153268.76
2023-09-01,South,Electronics,2234012.83,470716.91
2023-09-01,South,Mobile & Accessories,1961296.5,348873.55
2023-09-01,South,Computers,1786255.88,259237.15
2023-09-01,South,Home Appliances,2289005.11,345023.9
2023-09-01,South,Furniture,1472791.28,186816.38
2023-09-01,South,Clothing,1434629.36,293546.08
2023-09-01,South,Shoes,954858.1,170627.51
2023-09-01,South,Beauty & Personal Care,920753.67,104169.87
2023-09-01,South,Grocery,802347.16,116016.88
2023-09-01,South,Sports,590754.22,118205.23
2023-09-01,South,Books,548343.13,85317.66
2023-09-01,South,Toys,578569.26,78373.66
2023-09-01,East,Electronics,2929972.59,387038.45
2023-09-01,East,Mobile & Accessories,1719278.6,327754.98
2023-09-01,East,Computers,1891974.92,308231.73
2023-09-01,East,Home Appliances,2148999.61,364263.54
2023-09-01,East,Furniture,1552415.58,261707.5
2023-09-01,East,Clothing,1213930.81,252701.38
2023-09-01,East,Shoes,1187306.37,181886.72
2023-09-01,East,Beauty & Personal Care,772106.17,130478.92
2023-09-01,East,Grocery,1079249.25,166810.47
2023-09-01,East,Sports,716091.95,121611.12
2023-09-01,East,Books,445559.53,51843.2
2023-09-01,East,Toys,705976.06,132748.83
2023-09-01,West,Electronics,2239672.75,262038.37
2023-09-01,West,Mobile & Accessories,2097631.26,314815.6
2023-09-01,West,Computers,2586474.55,553152.64
2023-09-01,West,Home Appliances,2369839.94,275630.98
2023-09-01,West,Furniture,1930782.31,392367.93
2023-09-01,West,Clothing,1003528.28,142371.44
2023-09-01,West,Shoes,927514.13,110957.67
2023-09-01,West,Beauty & Personal Care,906686.17,153622.13
2023-09-01,West,Grocery,1037750.92,160174.82
2023-09-01,West,Sports,748050.74,95877.35
2023-09-01,West,Books,461758.71,54265.79
2023-09-01,West,Toys,667557.75,141040.34
2023-10-01,North,Electronics,2242594.39,482743.78
2023-10-01,North,Mobile & Accessories,1806181.56,344037.94
2023-10-01,North,Computers,2714008.96,294724.04
2023-10-01,North,Home Appliances,2600977.54,398098.49
2023-10-01,North,Furniture,1599622.75,241987.77
2023-10-01,North,Clothing,1221812.94,133699.12
2023-10-01,North,Shoes,1056074.1,222516.23
2023-10-01,North,Beauty & Personal Care,959737.0,145582.52
2023-10-01,North,Grocery,1087997.57,157030.55
2023-10-01,North,Sports,594798.77,129070.77
2023-10-01,North,Books,485067.61,104808.78
2023-10-01,North,Toys,755061.72,102366.51
2023-10-01,South,Electronics,2048724.74,328212.37
2023-10-01,South,Mobile & Accessories,1642870.62,354022.91
2023-10-01,South,Computers,2595018.09,352482.64
2023-10-01,South,Home Appliances,2536361.1,357583.29
2023-10-01,South,Furniture,1598298.97,345440.45
2023-10-01,South,Clothing,1116549.73,185673.64
2023-10-01,South,Shoes,1204943.99,162169.44
2023-10-01,South,Beauty & Personal Care,845029.18,182632.15
2023-10-01,South,Grocery,1041442.67,131905.8
2023-10-01,South,Sports,637109.57,98595.15
2023-10-01,South,Books,450229.63,77119.42
2023-10-01,South,Toys,712616.05,76125.55
2023-10-01,East,Electronics,2266783.36,491572.74
2023-10-01,East,Mobile & Accessories,2128269.79,442478.65
2023-10-01,East,Computers,2096799.39,357893.49
2023-10-01,East,Home Appliances,2943817.75,478746.37
2023-10-01,East,Furniture,1363852.94,170290.24
2023-10-01,East,Clothing,1111276.71,138856.77
2023-10-01,East,Shoes,802282.61,128462.99
2023-10-01,East,Beauty & Personal Care,844345.22,142218.31
2023-10-01,East,Grocery,988859.56,168945.5
2023-10-01,East,Sports,580317.59,109280.92
2023-10-01,East,Books,442444.34,81753.38
2023-10-01,East,Toys,733878.92,75874.23
2023-10-01,West,Electronics,3007820.17,344248.06
2023-10-01,West,Mobile & Accessories,1997190.66,386600.37
2023-10-01,West,Computers,1845158.99,319554.4
2023-10-01,West,Home Appliances,1989594.08,243886.94
2023-10-01,West,Furniture,1330672.58,172168.18
2023-10-01,West,Clothing,1104743.46,160543.94
2023-10-01,West,Shoes,849378.9,143709.38
2023-10-01,West,Beauty & Personal Care,973640.83,102234.52
2023-10-01,West,Grocery,908942.97,172742.76
2023-10-01,West,Sports,611647.94,90291.1
2023-10-01,West,Books,557008.2,106099.38
2023-10-01,West,Toys,756920.86,155562.46
2023-11-01,North,Electronics,2750708.33,540338.88
2023-11-01,North,Mobile & Accessories,2177470.04,352335.7
2023-11-01,North,Computers,2080656.61,291680.75
2023-11-01,North,Home Appliances,2149757.37,277098.93
2023-11-01,North,Furniture,1402703.0,233027.13
2023-11-01,North,Clothing,1420000.84,195415.08
2023-11-01,North,Shoes,856053.78,149177.9
2023-11-01,North,Beauty & Personal Care,775380.57,88542.76
2023-11-01,North,Grocery,1098238.99,146006.48
2023-11-01,North,Sports,668242.96,107481.24
2023-11-01,North,Books,576479.67,95463.51
2023-11-01,North,Toys,581532.51,79536.49
2023-11-01,South,Electronics,2880386.48,413329.56
2023-11-01,South,Mobile & Accessories,1814645.22,318279.44
2023-11-01,South,Computers,2247391.31,422209.72
2023-11-01,South,Home Appliances,2165424.79,255135.85
2023-11-01,South,Furniture,1451293.12,318198.48
2023-11-01,South,Clothing,1124190.34,147104.49
2023-11-01,South,Shoes,1047924.15,129129.67
2023-11-01,South,Beauty & Personal Care,758155.96,102972.95
2023-11-01,South,Grocery,1015341.1,192450.65
2023-11-01,South,Sports,801983.03,171832.93
2023-11-01,South,Books,468741.13,73363.51
2023-11-01,South,Toys,678686.18,120779.08
2023-11-01,East,Electronics,2942296.72,431438.86
2023-11-01,East,Mobile & Accessories,2038105.26,383145.87
2023-11-01,East,Computers,2615617.86,356594.03
2023-11-01,East,Home Appliances,2023533.15,299151.88
2023-11-01,East,Furniture,1634378.86,313181.56
2023-11-01,East,Clothing,1258766.45,178430.68
2023-11-01,East,Shoes,1088568.7,161323.22
2023-11-01,East,Beauty & Personal Care,781957.57,145928.49
2023-11-01,East,Grocery,1100189.33,206529.25
2023-11-01,East,Sports,702514.67,88572.08
2023-11-01,East,Books,536006.26,59567.92
2023-11-01,East,Toys,809228.08,103342.05
2023-11-01,West,Electronics,3079343.85,342288.67
2023-11-01,West,Mobile & Accessories,1618100.08,195333.69
2023-11-01,West,Computers,2499789.65,293468.9
2023-11-01,West,Home Appliances,2771833.36,450399.01
2023-11-01,West,Furniture,1786833.7,192663.75
2023-11-01,West,Clothing,1004242.03,177769.96
2023-11-01,West,Shoes,1052598.64,216298.96
2023-11-01,West,Beauty & Personal Care,967329.49,106413.86
2023-11-01,West,Grocery,775327.86,125046.68
2023-11-01,West,Sports,817891.94,93885.61
2023-11-01,West,Books,494766.67,62970.4
2023-11-01,West,Toys,716206.51,82546.82
2023-12-01,North,Electronics,2566446.34,549528.01
2023-12-01,North,Mobile & Accessories,2130271.29,370260.71
2023-12-01,North,Computers,2607136.38,465247.69
2023-12-01,North,Home Appliances,2854518.16,578734.54
2023-12-01,North,Furniture,1868021.3,407403.07
2023-12-01,North,Clothing,1405169.62,162945.75
2023-12-01,North,Shoes,976047.72,147685.18
2023-12-01,North,Beauty & Personal Care,894218.58,121948.86
2023-12-01,North,Grocery,1037463.61,107507.48
2023-12-01,North,Sports,857520.1,164892.73
2023-12-01,North,Books,585771.16,71011.05
2023-12-01,North,Toys,584101.5,107617.48
2023-12-01,South,Electronics,2273398.98,479587.44
2023-12-01,South,Mobile & Accessories,1649205.76,258245.57
2023-12-01,South,Computers,2260918.65,469440.67
2023-12-01,South,Home Appliances,2603013.12,531099.64
2023-12-01,South,Furniture,1571481.03,209397.31
2023-12-01,South,Clothing,1283548.6,146366.63
2023-12-01,South,Shoes,1232282.48,242505.73
2023-12-01,South,Beauty & Personal Care,936357.07,124350.03
2023-12-01,South,Grocery,745446.47,107641.4
2023-12-01,South,Sports,668199.07,91361.65
2023-12-01,South,Books,506758.44,52396.89
2023-12-01,South,Toys,646480.78,77502.75
2023-12-01,East,Electronics,2214728.13,441370.27
2023-12-01,East,Mobile & Accessories,1872506.47,372449.97
2023-12-01,East,Computers,2629702.31,297638.85
2023-12-01,East,Home Appliances,2620755.53,332981.55
2023-12-01,East,Furniture,1425990.11,309188.88
2023-12-01,East,Clothing,1251110.83,144532.46
2023-12-01,East,Shoes,861008.87,131183.13
2023-12-01,East,Beauty & Personal Care,920519.43,199312.62
2023-12-01,East,Grocery,1124415.61,146908.41
2023-12-01,East,Sports,801533.72,170206.68
2023-12-01,East,Books,445565.87,95571.24
2023-12-01,East,Toys,538657.03,112765.31
2023-12-01,West,Electronics,2096073.72,235452.19
2023-12-01,West,Mobile & Accessories,1469021.08,153468.44
2023-12-01,West,Computers,1887095.48,238800.59
2023-12-01,West,Home Appliances,2117640.92,373152.02
2023-12-01,West,Furniture,1645624.92,352351.69
2023-12-01,West,Clothing,1151232.94,186447.21
2023-12-01,West,Shoes,842221.64,142255.33
2023-12-01,West,Beauty & Personal Care,705074.86,140243.93
2023-12-01,West,Grocery,781229.14,113600.54
2023-12-01,West,Sports,863730.91,186850.56
2023-12-01,West,Books,444495.25,69276.02
2023-12-01,West,Toys,772330.95,83392.81
2024-01-01,North,Electronics,2127986.51,339569.36
2024-01-01,North,Mobile & Accessories,1898313.57,258972.15
2024-01-01,North,Computers,2370174.03,387466.28
2024-01-01,North,Home Appliances,1939922.38,277925.11
2024-01-01,North,Furniture,1367567.33,191164.44
2024-01-01,North,Clothing,1407797.88,197377.51
2024-01-01,North,Shoes,846928.32,93872.86
2024-01-01,North,Beauty & Personal Care,666874.11,101732.44
2024-01-01,North,Grocery,851013.28,91300.11
2024-01-01,North,Sports,739927.69,109472.1
2024-01-01,North,Books,472451.31,88168.73
2024-01-01,North,Toys,604425.42,117459.77
2024-01-01,South,Electronics,2638389.63,275703.99
2024-01-01,South,Mobile & Accessories,1647312.52,310448.93
2024-01-01,South,Computers,2180052.94,236970.46
2024-01-01,South,Home Appliances,2073284.56,297045.31
2024-01-01,South,Furniture,1291040.78,139563.52
2024-01-01,South,Clothing,1330785.0,154087.07
2024-01-01,South,Shoes,944810.64,157297.31
2024-01-01,South,Beauty & Personal Care,908053.34,197274.45
2024-01-01,South,Grocery,926747.04,106498.85
2024-01-01,South,Sports,727788.24,84265.01
2024-01-01,South,Books,416037.56,49384.56
2024-01-01,South,Toys,551406.91,91145.54
2024-01-01,East,Electronics,2916209.16,453092.47
2024-01-01,East,Mobile & Accessories,1514585.7,285559.31
2024-01-01,East,Computers,2679715.1,492231.78
2024-01-01,East,Home Appliances,2996700.27,639907.81
2024-01-01,East,Furniture,1389752.66,262201.47
2024-01-01,East,Clothing,1426219.17,306444.56
2024-01-01,East,Shoes,1090882.03,195729.96
2024-01-01,East,Beauty & Personal Care,745757.4,140984.43
2024-01-01,East,Grocery,1109246.95,157664.93
2024-01-01,East,Sports,568594.76,96304.98
2024-01-01,East,Books,445761.35,91603.04
2024-01-01,East,Toys,778885.76,156208.48
2024-01-01,West,Electronics,2301597.43,474920.53
2024-01-01,West,Mobile & Accessories,2046006.75,233223.2
2024-01-01,West,Computers,2742781.52,519453.05
2024-01-01,West,Home Appliances,2396577.93,269098.07
2024-01-01,West,Furniture,1343162.01,234680.07
2024-01-01,West,Clothing,1320110.05,287489.07
2024-01-01,West,Shoes,1134736.07,233722.57
2024-01-01,West,Beauty & Personal Care,803702.38,176310.94
2024-01-01,West,Grocery,813565.15,158774.66
2024-01-01,West,Sports,701895.76,130335.3
2024-01-01,West,Books,602345.5,78934.42
2024-01-01,West,Toys,750940.89,82399.21
2024-02-01,North,Electronics,2073044.95,446630.34
2024-02-01,North,Mobile & Accessories,1987661.45,360235.27
2024-02-01,North,Computers,2034720.56,307234.77
2024-02-01,North,Home Appliances,2972997.2,547010.17
2024-02-01,North,Furniture,1555714.21,208139.43
2024-02-01,North,Clothing,1289498.82,215159.97
2024-02-01,North,Shoes,1022969.47,198300.23
2024-02-01,North,Beauty & Personal Care,953092.21,202496.49
2024-02-01,North,Grocery,764112.76,124692.59
2024-02-01,North,Sports,671138.53,119457.23
2024-02-01,North,Books,476431.49,81828.39
2024-02-01,North,Toys,643748.45,97796.07
2024-02-01,South,Electronics,2281983.27,367539.86
2024-02-01,South,Mobile & Accessories,2146084.25,323977.45
2024-02-01,South,Computers,2225708.51,295672.8
2024-02-01,South,Home Appliances,2328797.85,340973.77
2024-02-01,South,Furniture,1739726.75,314179.51
2024-02-01,South,Clothing,1449006.89,272710.81
2024-02-01,South,Shoes,1080429.0,180944.19
2024-02-01,South,Beauty & Personal Care,648899.1,121950.77
2024-02-01,South,Grocery,767319.44,79135.79
2024-02-01,South,Sports,717155.14,115181.42
2024-02-01,South,Books,439208.81,77105.09
2024-02-01,South,Toys,612690.93,66976.64
2024-02-01,East,Electronics,2089967.17,261869.91
2024-02-01,East,Mobile & Accessories,2224378.68,355277.34
2024-02-01,East,Computers,2391919.94,456549.12
2024-02-01,East,Home Appliances,2784301.08,428476.16
2024-02-01,East,Furniture,1477794.16,235558.02
2024-02-01,East,Clothing,1091665.46,118012.97
2024-02-01,East,Shoes,982324.78,115988.72
2024-02-01,East,Beauty & Personal Care,748280.36,111845.88
2024-02-01,East,Grocery,1021279.08,120536.44
2024-02-01,East,Sports,662499.06,84410.92
2024-02-01,East,Books,560436.16,95864.45
2024-02-01,East,Toys,693022.37,80628.14
2024-02-01,West,Electronics,2062166.6,382443.5
2024-02-01,West,Mobile & Accessories,1867450.44,313400.43
2024-02-01,West,Computers,2448169.98,414178.77
2024-02-01,West,Home Appliances,2498749.94,290661.72
2024-02-01,West,Furniture,1980486.89,288319.05
2024-02-01,West,Clothing,994909.87,110286.46
2024-02-01,West,Shoes,1079404.04,155404.85
2024-02-01,West,Beauty & Personal Care,923202.11,142795.57
2024-02-01,West,Grocery,854681.57,156018.99
2024-02-01,West,Sports,830526.83,101278.38
2024-02-01,West,Books,536415.09,90275.04
2024-02-01,West,Toys,774334.16,151460.4
2024-03-01,North,Electronics,2214322.08,435400.92
2024-03-01,North,Mobile & Accessories,2051836.72,256455.28
2024-03-01,North,Computers,2666948.45,286617.98
2024-03-01,North,Home Appliances,2701431.27,483203.69
2024-03-01,North,Furniture,1315797.76,171468.95
2024-03-01,North,Clothing,1278428.34,169610.62
2024-03-01,North,Shoes,1195285.6,191865.56
2024-03-01,North,Beauty & Personal Care,875017.75,105960.16
2024-03-01,North,Grocery,986701.81,177505.42
2024-03-01,North,Sports,817410.43,144703.85
2024-03-01,North,Books,549205.93,112221.25
2024-03-01,North,Toys,533509.85,99908.85
2024-03-01,South,Electronics,2775912.25,392403.42
2024-03-01,South,Mobile & Accessories,2101524.04,215855.06
2024-03-01,South,Computers,2544269.79,543339.91
2024-03-01,South,Home Appliances,2526903.44,548806.03
2024-03-01,South,Furniture,1452814.89,266375.49
2024-03-01,South,Clothing,1286728.59,207423.78
2024-03-01,South,Shoes,1225268.84,137446.28
2024-03-01,South,Beauty & Personal Care,992764.05,112053.54
2024-03-01,South,Grocery,1010693.38,216520.29
2024-03-01,South,Sports,804469.42,158294.76
2024-03-01,South,Books,617210.86,100194.03
2024-03-01,South,Toys,590697.3,113263.9
2024-03-01,East,Electronics,2999573.29,450704.77
2024-03-01,East,Mobile & Accessories,1980006.58,383744.6
2024-03-01,East,Computers,1859222.71,399747.37
2024-03-01,East,Home Appliances,2540024.36,290202.22
2024-03-01,East,Furniture,1719259.03,243948.59
2024-03-01,East,Clothing,1462966.64,263635.96
2024-03-01,East,Shoes,912137.85,183258.43
2024-03-01,East,Beauty & Personal Care,902868.52,126199.87
2024-03-01,East,Grocery,1073073.96,153157.64
2024-03-01,East,Sports,633133.73,77106.63
2024-03-01,East,Books,468569.4,56183.97
2024-03-01,East,Toys,615442.12,132546.23
2024-03-01,West,Electronics,3058652.85,439663.14
2024-03-01,West,Mobile & Accessories,2135881.11,418083.84
2024-03-01,West,Computers,1891899.0,230470.72
2024-03-01,West,Home Appliances,2161186.41,330796.16
2024-03-01,West,Furniture,1825671.74,336159.89
2024-03-01,West,Clothing,1080890.43,116190.01
2024-03-01,West,Shoes,1143153.56,150917.26
2024-03-01,West,Beauty & Personal Care,691942.91,133703.82
2024-03-01,West,Grocery,844179.36,102834.32
2024-03-01,West,Sports,579421.61,90812.6
2024-03-01,West,Books,560699.14,67272.43
2024-03-01,West,Toys,542015.26,57271.0
2024-04-01,North,Electronics,2147397.6,404377.8
2024-04-01,North,Mobile & Accessories,2032179.23,272558.74
2024-04-01,North,Computers,1941010.7,252964.36
2024-04-01,North,Home Appliances,2574320.22,301271.43
2024-04-01,North,Furniture,1839535.96,318673.26
2024-04-01,North,Clothing,1435320.93,145848.49
2024-04-01,North,Shoes,1083591.78,223263.83
2024-04-01,North,Beauty & Personal Care,764136.31,161099.11
2024-04-01,North,Grocery,949849.27,100827.71
2024-04-01,North,Sports,838597.47,117187.83
2024-04-01,North,Books,485337.37,81196.45
2024-04-01,North,Toys,554251.23,99060.41
2024-04-01,South,Electronics,2561496.72,404005.28
2024-04-01,South,Mobile & Accessories,1972460.81,424692.14
2024-04-01,South,Computers,2113985.93,350184.31
2024-04-01,South,Home Appliances,2135354.33,415241.65
2024-04-01,South,Furniture,1606783.99,328168.14
2024-04-01,South,Clothing,1226855.03,241809.59
2024-04-01,South,Shoes,887516.94,153419.38
2024-04-01,South,Beauty & Personal Care,892592.53,182983.51
2024-04-01,South,Grocery,776117.42,134900.45
2024-04-01,South,Sports,704232.16,75356.84
2024-04-01,South,Books,592672.95,99877.47
2024-04-01,South,Toys,573227.17,75742.38
2024-04-01,East,Electronics,2985970.56,599302.0
2024-04-01,East,Mobile & Accessories,1504119.91,173583.82
2024-04-01,East,Computers,1817249.11,261088.88
2024-04-01,East,Home Appliances,2061924.29,352035.3
2024-04-01,East,Furniture,1609724.95,286379.4
2024-04-01,East,Clothing,1077791.04,236736.2
2024-04-01,East,Shoes,879890.36,125670.85
2024-04-01,East,Beauty & Personal Care,707267.46,141219.06
2024-04-01,East,Grocery,1073038.3,174286.86
2024-04-01,East,Sports,815266.83,144755.71
2024-04-01,East,Books,495387.51,105091.53
2024-04-01,East,Toys,754111.84,150257.69
2024-04-01,West,Electronics,2862312.09,477322.09
2024-04-01,West,Mobile & Accessories,1861932.95,210044.07
2024-04-01,West,Computers,2064683.03,284534.69
2024-04-01,West,Home Appliances,2412691.99,480056.26
2024-04-01,West,Furniture,1692432.87,253140.71
2024-04-01,West,Clothing,1455553.52,229923.45
2024-04-01,West,Shoes,1055338.3,164199.12
2024-04-01,West,Beauty & Personal Care,658486.22,86661.05
2024-04-01,West,Grocery,1034648.28,132282.37
2024-04-01,West,Sports,772330.39,102024.03
2024-04-01,West,Books,585356.86,115442.54
2024-04-01,West,Toys,686045.95,145731.21
2024-05-01,North,Electronics,2770568.51,574107.49
2024-05-01,North,Mobile & Accessories,1647202.61,186559.16
2024-05-01,North,Computers,2373364.03,464948.93
2024-05-01,North,Home Appliances,2827218.35,379128.0
2024-05-01,North,Furniture,1736592.53,228523.53
2024-05-01,North,Clothing,1261021.96,143069.23
2024-05-01,North,Shoes,943178.24,113947.75
2024-05-01,North,Beauty & Personal Care,800578.24,91159.63
2024-05-01,North,Grocery,871320.35,109343.67
2024-05-01,North,Sports,565198.16,69087.77
2024-05-01,North,Books,624007.04,126856.67
2024-05-01,North,Toys,568610.88,59375.34
2024-05-01,South,Electronics,2397454.65,388411.97
2024-05-01,South,Mobile & Accessories,1942449.22,271661.42
2024-05-01,South,Computers,2561074.28,376120.35
2024-05-01,South,Home Appliances,2426908.61,526435.47
2024-05-01,South,Furniture,1767679.07,278897.12
2024-05-01,South,Clothing,1122662.39,118812.8
2024-05-01,South,Shoes,1159586.89,147124.98
2024-05-01,South,Beauty & Personal Care,947348.09,178843.18
2024-05-01,South,Grocery,748146.86,163370.3
2024-05-01,South,Sports,780295.53,93372.98
2024-05-01,South,Books,411104.82,42355.38
2024-05-01,South,Toys,676464.72,123896.04
2024-05-01,East,Electronics,3004357.97,423847.79
2024-05-01,East,Mobile & Accessories,1913406.74,367591.53
2024-05-01,East,Computers,2691108.13,322658.54
2024-05-01,East,Home Appliances,2508110.34,475903.7
2024-05-01,East,Furniture,1896485.7,364458.27
2024-05-01,East,Clothing,1105638.28,205230.65
2024-05-01,East,Shoes,1035359.11,138368.96
2024-05-01,East,Beauty & Personal Care,694676.09,97756.75
2024-05-01,East,Grocery,892988.22,122609.78
2024-05-01,East,Sports,782754.87,158940.13
2024-05-01,East,Books,568547.99,97927.03
2024-05-01,East,Toys,703122.73,75854.04
2024-05-01,West,Electronics,2511716.45,460766.57
2024-05-01,West,Mobile & Accessories,1536867.19,210957.48
2024-05-01,West,Computers,2323718.88,322789.34
2024-05-01,West,Home Appliances,1922855.65,275192.82
2024-05-01,West,Furniture,1970084.16,322962.9
2024-05-01,West,Clothing,1225610.56,213544.31
2024-05-01,West,Shoes,1157910.2,137959.39
2024-05-01,West,Beauty & Personal Care,690087.05,71108.38
2024-05-01,West,Grocery,1003119.33,167744.85
2024-05-01,West,Sports,637830.69,88322.43
2024-05-01,West,Books,426611.45,60201.28
2024-05-01,West,Toys,790100.64,113698.95
2024-06-01,North,Electronics,2050264.85,299907.49
2024-06-01,North,Mobile & Accessories,1490657.78,246492.67
2024-06-01,North,Computers,2039394.46,213818.16
2024-06-01,North,Home Appliances,2012192.81,314640.32
2024-06-01,North,Furniture,1439117.25,188165.73
2024-06-01,North,Clothing,1469295.51,213543.58
2024-06-01,North,Shoes,976627.35,168114.04
2024-06-01,North,Beauty & Personal Care,704604.72,110370.26
2024-06-01,North,Grocery,754058.23,76024.99
2024-06-01,North,Sports,563517.75,56765.21
2024-06-01,North,Books,579135.14,102568.29
2024-06-01,North,Toys,776694.07,112350.5
2024-06-01,South,Electronics,2624268.65,377842.87
2024-06-01,South,Mobile & Accessories,1795429.05,206737.03
2024-06-01,South,Computers,2595180.56,307743.28
2024-06-01,South,Home Appliances,2477716.23,266669.6
2024-06-01,South,Furniture,1648854.21,335170.98
2024-06-01,South,Clothing,1407618.01,171602.01
2024-06-01,South,Shoes,964750.28,175925.47
2024-06-01,South,Beauty & Personal Care,926912.59,143883.14
2024-06-01,South,Grocery,811873.42,145542.63
2024-06-01,South,Sports,801941.37,170346.77
2024-06-01,South,Books,518135.46,73351.33
2024-06-01,South,Toys,586031.31,66153.54
2024-06-01,East,Electronics,2640968.01,541294.24
2024-06-01,East,Mobile & Accessories,1450636.88,273157.87
2024-06-01,East,Computers,2577470.13,414856.46
2024-06-01,East,Home Appliances,2902315.05,314853.03
2024-06-01,East,Furniture,1980801.03,370514.32
2024-06-01,East,Clothing,1408390.68,308694.17
2024-06-01,East,Shoes,1142094.26,224654.2
2024-06-01,East,Beauty & Personal Care,819182.01,160828.35
2024-06-01,East,Grocery,885471.98,148216.8
2024-06-01,East,Sports,581675.06,77762.81
2024-06-01,East,Books,590216.4,87121.91
2024-06-01,East,Toys,604651.46,88379.78
2024-06-01,West,Electronics,2705870.62,450206.11
2024-06-01,West,Mobile & Accessories,2213485.82,356696.72
2024-06-01,West,Computers,2664791.96,555192.04
2024-06-01,West,Home Appliances,1964685.32,293598.23
2024-06-01,West,Furniture,1707347.8,223353.65
2024-06-01,West,Clothing,1441200.15,233004.72
2024-06-01,West,Shoes,1198640.86,242420.74
2024-06-01,West,Beauty & Personal Care,737541.73,86345.23
2024-06-01,West,Grocery,802933.61,120689.44
2024-06-01,West,Sports,845777.63,164218.67
2024-06-01,West,Books,437771.52,86775.7
2024-06-01,West,Toys,537421.76,115810.52
2024-07-01,North,Electronics,2390448.05,300339.51
2024-07-01,North,Mobile & Accessories,1654506.46,212744.48
2024-07-01,North,Computers,2558999.24,343817.17
2024-07-01,North,Home Appliances,2797719.07,429670.57
2024-07-01,North,Furniture,1560170.6,165552.74
2024-07-01,North,Clothing,1459676.74,221406.63
2024-07-01,North,Shoes,1046231.55,133017.35
2024-07-01,North,Beauty & Personal Care,960077.32,162636.8
2024-07-01,North,Grocery,822979.26,165204.36
2024-07-01,North,Sports,685965.67,97058.46
2024-07-01,North,Books,619603.24,63962.97
2024-07-01,North,Toys,637321.81,133769.11
2024-07-01,South,Electronics,2852582.43,294522.12
2024-07-01,South,Mobile & Accessories,2118597.0,375347.41
2024-07-01,South,Computers,2557400.92,526606.92
2024-07-01,South,Home Appliances,2823873.65,552420.36
2024-07-01,South,Furniture,1794284.64,264126.44
2024-07-01,South,Clothing,967447.23,190463.61
2024-07-01,South,Shoes,1061158.72,153321.43
2024-07-01,South,Beauty & Personal Care,739181.26,151515.95
2024-07-01,South,Grocery,1120478.58,228261.5
2024-07-01,South,Sports,560642.27,119974.56
2024-07-01,South,Books,544564.54,66625.2
2024-07-01,South,Toys,566073.71,117760.0
2024-07-01,East,Electronics,3062541.76,374335.98
2024-07-01,East,Mobile & Accessories,2162086.59,431914.03
2024-07-01,East,Computers,1990169.77,317012.68
2024-07-01,East,Home Appliances,2672264.79,516862.5
2024-07-01,East,Furniture,1431925.74,259854.32
2024-07-01,East,Clothing,1073894.56,188421.3
2024-07-01,East,Shoes,1108245.44,207589.46
2024-07-01,East,Beauty & Personal Care,950464.41,160902.78
2024-07-01,East,Grocery,987599.48,199799.58
2024-07-01,East,Sports,838960.52,115184.6
2024-07-01,East,Books,504767.05,71368.8
2024-07-01,East,Toys,609830.95,98031.34
2024-07-01,West,Electronics,2187578.87,235812.35
2024-07-01,West,Mobile & Accessories,1962438.84,239154.73
2024-07-01,West,Computers,2023587.7,380018.01
2024-07-01,West,Home Appliances,2714274.47,547912.67
2024-07-01,West,Furniture,1421677.49,226108.59
2024-07-01,West,Clothing,1455426.68,307206.06
2024-07-01,West,Shoes,1133870.74,240192.96
2024-07-01,West,Beauty & Personal Care,756935.46,99679.66
2024-07-01,West,Grocery,727874.44,150767.18
2024-07-01,West,Sports,591114.7,84910.05
2024-07-01,West,Books,463299.42,74006.64
2024-07-01,West,Toys,570155.99,93135.45
2024-08-01,North,Electronics,2129155.38,395114.78
2024-08-01,North,Mobile & Accessories,2048325.62,291087.12
2024-08-01,North,Computers,2433366.96,253938.24
2024-08-01,North,Home Appliances,2392680.19,337683.62
2024-08-01,North,Furniture,1282706.66,274504.37
2024-08-01,North,Clothing,1474879.2,189822.91
2024-08-01,North,Shoes,1142245.43,115453.5
2024-08-01,North,Beauty & Personal Care,641357.37,131298.38
2024-08-01,North,Grocery,772342.69,108748.95
2024-08-01,North,Sports,673932.07,113718.56
2024-08-01,North,Books,498678.15,90379.41
2024-08-01,North,Toys,729729.95,134165.14
2024-08-01,South,Electronics,2432749.28,350574.47
2024-08-01,South,Mobile & Accessories,2170700.34,333441.56
2024-08-01,South,Computers,2065123.23,434326.34
2024-08-01,South,Home Appliances,2505855.49,423699.26
2024-08-01,South,Furniture,1417469.54,174884.58
2024-08-01,South,Clothing,1217948.42,128350.53
2024-08-01,South,Shoes,841396.31,171857.56
2024-08-01,South,Beauty & Personal Care,835650.62,97766.12
2024-08-01,South,Grocery,757033.41,125298.71
2024-08-01,South,Sports,666743.23,137301.32
2024-08-01,South,Books,555174.14,92630.02
2024-08-01,South,Toys,623686.89,117288.72
2024-08-01,East,Electronics,2924765.91,325987.79
2024-08-01,East,Mobile & Accessories,1841188.74,193901.82
2024-08-01,East,Computers,2689127.88,588806.95
2024-08-01,East,Home Appliances,1947689.38,427706.64
2024-08-01,East,Furniture,1781127.47,268973.2
2024-08-01,East,Clothing,1407635.25,163704.18
2024-08-01,East,Shoes,947961.33,126966.91
2024-08-01,East,Beauty & Personal Care,831936.11,180626.32
2024-08-01,East,Grocery,925309.65,189898.86
2024-08-01,East,Sports,834465.63,152524.66
2024-08-01,East,Books,449528.89,74675.36
2024-08-01,East,Toys,545424.33,72590.63
2024-08-01,West,Electronics,2706829.57,398282.97
2024-08-01,West,Mobile & Accessories,2005257.03,306089.18
2024-08-01,West,Computers,2699254.14,385921.77
2024-08-01,West,Home Appliances,1971693.74,381951.68
2024-08-01,West,Furniture,1469697.14,273724.54
2024-08-01,West,Clothing,1308583.47,187432.47
2024-08-01,West,Shoes,1081546.86,157882.82
2024-08-01,West,Beauty & Personal Care,914716.32,103290.38
2024-08-01,West,Grocery,759466.74,137959.17
2024-08-01,West,Sports,861605.87,139956.17
2024-08-01,West,Books,467891.62,51249.41
2024-08-01,West,Toys,553947.5,92731.07
2024-09-01,North,Electronics,2649926.88,529872.53
2024-09-01,North,Mobile & Accessories,2229614.06,324041.0
2024-09-01,North,Computers,2089379.61,269712.35
2024-09-01,North,Home Appliances,2601981.25,319843.67
2024-09-01,North,Furniture,1567000.34,342370.61
2024-09-01,North,Clothing,1250190.15,201821.64
2024-09-01,North,Shoes,969964.14,211320.23
2024-09-01,North,Beauty & Personal Care,944556.08,157172.02
2024-09-01,North,Grocery,721990.55,90179.71
2024-09-01,North,Sports,751960.65,154941.13
2024-09-01,North,Books,591163.9,108512.29
2024-09-01,North,Toys,764884.83,96636.28
2024-09-01,South,Electronics,2924092.99,329677.19
2024-09-01,South,Mobile & Accessories,1967726.21,204896.19
2024-09-01,South,Computers,2533392.54,288313.72
2024-09-01,South,Home Appliances,2396924.66,241862.17
2024-09-01,South,Furniture,1649827.31,337893.61
2024-09-01,South,Clothing,989232.91,146590.14
2024-09-01,South,Shoes,1025100.55,118402.43
2024-09-01,South,Beauty & Personal Care,646015.97,101681.17
2024-09-01,South,Grocery,915070.92,129520.59
2024-09-01,South,Sports,792463.04,120801.24
2024-09-01,South,Books,531416.03,66396.53
2024-09-01,South,Toys,640044.83,86824.5
2024-09-01,East,Electronics,2948156.13,398794.44
2024-09-01,East,Mobile & Accessories,1736552.97,318854.43
2024-09-01,East,Computers,2739892.87,418763.83
2024-09-01,East,Home Appliances,2903994.16,343968.82
2024-09-01,East,Furniture,1881649.62,411197.16
2024-09-01,East,Clothing,1073414.89,199107.08
2024-09-01,East,Shoes,845083.51,116390.6
2024-09-01,East,Beauty & Personal Care,882652.1,165009.34
2024-09-01,East,Grocery,1088864.89,178269.13
2024-09-01,East,Sports,764196.31,119045.95
2024-09-01,East,Books,574699.95,64162.76
2024-09-01,East,Toys,692746.61,84399.81
2024-09-01,West,Electronics,2021997.57,301073.89
2024-09-01,West,Mobile & Accessories,2087542.07,363548.98
2024-09-01,West,Computers,2358199.27,468299.94
2024-09-01,West,Home Appliances,2545805.39,261174.39
2024-09-01,West,Furniture,1554572.86,327354.37
2024-09-01,West,Clothing,997430.88,184717.72
2024-09-01,West,Shoes,1136217.93,136267.62
2024-09-01,West,Beauty & Personal Care,996908.48,143315.15
2024-09-01,West,Grocery,1055953.05,189162.02
2024-09-01,West,Sports,744375.99,160574.12
2024-09-01,West,Books,623536.0,115557.95
2024-09-01,West,Toys,599101.98,103644.06
2024-10-01,North,Electronics,2959261.04,632566.94
2024-10-01,North,Mobile & Accessories,2171276.07,448394.49
2024-10-01,North,Computers,2017067.25,401404.36
2024-10-01,North,Home Appliances,1928370.79,265861.02
2024-10-01,North,Furniture,1396352.26,285861.41
2024-10-01,North,Clothing,1170652.05,165064.81
2024-10-01,North,Shoes,926597.56,185245.0
2024-10-01,North,Beauty & Personal Care,713451.72,78874.5
2024-10-01,North,Grocery,788992.37,129638.95
2024-10-01,North,Sports,595927.23,93483.61
2024-10-01,North,Books,404835.43,47447.14
2024-10-01,North,Toys,734572.18,132763.15
2024-10-01,South,Electronics,2919048.9,416850.26
2024-10-01,South,Mobile & Accessories,2219703.37,349759.09
2024-10-01,South,Computers,2390192.29,517552.76
2024-10-01,South,Home Appliances,2305690.26,286445.16
2024-10-01,South,Furniture,1727964.45,213399.69
2024-10-01,South,Clothing,1221262.73,226103.93
2024-10-01,South,Shoes,926756.13,126831.16
2024-10-01,South,Beauty & Personal Care,760771.72,111550.76
2024-10-01,South,Grocery,884365.12,115190.28
2024-10-01,South,Sports,572396.62,69092.73
2024-10-01,South,Books,404607.51,64189.22
2024-10-01,South,Toys,620604.81,111240.02
2024-10-01,East,Electronics,2945681.73,541708.7
2024-10-01,East,Mobile & Accessories,1460350.02,288584.89
2024-10-01,East,Computers,1844905.79,365606.0
2024-10-01,East,Home Appliances,2585670.98,548191.76
2024-10-01,East,Furniture,1763852.22,189421.92
2024-10-01,East,Clothing,1313271.43,237805.57
2024-10-01,East,Shoes,1190825.38,135963.09
2024-10-01,East,Beauty & Personal Care,804837.82,170133.41
2024-10-01,East,Grocery,879156.84,166408.5
2024-10-01,East,Sports,874325.21,175861.14
2024-10-01,East,Books,519039.99,79060.01
2024-10-01,East,Toys,590459.25,61441.62
2024-10-01,West,Electronics,2671939.97,274400.81
2024-10-01,West,Mobile & Accessories,1960709.25,412574.48
2024-10-01,West,Computers,2411160.38,489152.58
2024-10-01,West,Home Appliances,2829030.22,614794.13
2024-10-01,West,Furniture,1294489.86,149648.4
2024-10-01,West,Clothing,1264894.75,261047.09
2024-10-01,West,Shoes,966138.99,144485.72
2024-10-01,West,Beauty & Personal Care,779406.13,106863.69
2024-10-01,West,Grocery,984778.34,185443.97
2024-10-01,West,Sports,851308.26,163613.6
2024-10-01,West,Books,411284.81,42647.03
2024-10-01,West,Toys,709586.18,77501.85
2024-11-01,North,Electronics,2309750.32,412230.61
2024-11-01,North,Mobile & Accessories,1625731.99,264736.7
2024-11-01,North,Computers,1770451.01,338895.74
2024-11-01,North,Home Appliances,2727497.31,584966.08
2024-11-01,North,Furniture,1851978.0,381915.2
2024-11-01,North,Clothing,1010197.62,103442.97
2024-11-01,North,Shoes,886192.12,166586.27
2024-11-01,North,Beauty & Personal Care,761072.02,150348.16
2024-11-01,North,Grocery,746180.86,84292.24
2024-11-01,North,Sports,710353.1,105811.54
2024-11-01,North,Books,429367.96,52345.24
2024-11-01,North,Toys,676880.71,135837.64
2024-11-01,South,Electronics,2128625.73,265180.02
2024-11-01,South,Mobile & Accessories,1560900.81,162182.74
2024-11-01,South,Computers,1924910.42,392976.73
2024-11-01,South,Home Appliances,2410926.19,285940.4
2024-11-01,South,Furniture,1293156.95,264089.71
2024-11-01,South,Clothing,1146444.6,186467.11
2024-11-01,South,Shoes,987475.0,109284.01
2024-11-01,South,Beauty & Personal Care,803464.89,171818.11
2024-11-01,South,Grocery,855248.49,128806.26
2024-11-01,South,Sports,701992.12,120860.25
2024-11-01,South,Books,583946.99,67286.37
2024-11-01,South,Toys,654870.33,79374.3
2024-11-01,East,Electronics,2047119.41,370848.99
2024-11-01,East,Mobile & Accessories,1685622.49,364067.93
2024-11-01,East,Computers,2096950.81,249588.7
2024-11-01,East,Home Appliances,2207967.79,449571.15
2024-11-01,East,Furniture,1599292.98,322887.87
2024-11-01,East,Clothing,1150440.55,176489.25
2024-11-01,East,Shoes,996325.42,145439.27
2024-11-01,East,Beauty & Personal Care,692873.02,114558.24
2024-11-01,East,Grocery,752988.39,116751.44
2024-11-01,East,Sports,632373.73,134991.56
2024-11-01,East,Books,404628.37,63599.7
2024-11-01,East,Toys,542599.82,80547.39
2024-11-01,West,Electronics,3037949.66,382569.04
2024-11-01,West,Mobile & Accessories,1861125.96,397713.91
2024-11-01,West,Computers,2413771.66,297107.83
2024-11-01,West,Home Appliances,2965357.17,591585.93
2024-11-01,West,Furniture,1849812.85,289259.42
2024-11-01,West,Clothing,1073763.07,136735.41
2024-11-01,West,Shoes,848856.83,92955.09
2024-11-01,West,Beauty & Personal Care,763035.27,106565.19
2024-11-01,West,Grocery,850312.78,122100.19
2024-11-01,West,Sports,807870.37,95621.99
2024-11-01,West,Books,544125.79,73669.53
2024-11-01,West,Toys,783919.35,168221.84
2024-12-01,North,Electronics,2284951.85,429625.85
2024-12-01,North,Mobile & Accessories,1471203.42,262892.88
2024-12-01,North,Computers,1863510.68,197688.26
2024-12-01,North,Home Appliances,1946408.62,369382.92
2024-12-01,North,Furniture,1985464.31,274831.37
2024-12-01,North,Clothing,1361964.14,271561.51
2024-12-01,North,Shoes,1133778.34,162918.76
2024-12-01,North,Beauty & Personal Care,791155.37,163305.8
2024-12-01,North,Grocery,1030708.93,191930.4
2024-12-01,North,Sports,714243.43,82276.46
2024-12-01,North,Books,613674.15,114746.81
2024-12-01,North,Toys,540698.48,87081.72
2024-12-01,South,Electronics,2586627.22,322418.81
2024-12-01,South,Mobile & Accessories,1856943.04,367468.25
2024-12-01,South,Computers,1955178.02,226586.82
2024-12-01,South,Home Appliances,2545329.04,448662.4
2024-12-01,South,Furniture,1328389.9,144217.51
2024-12-01,South,Clothing,1409598.76,234296.42
2024-12-01,South,Shoes,1161365.38,127643.97
2024-12-01,South,Beauty & Personal Care,765939.94,140420.23
2024-12-01,South,Grocery,915527.8,164993.64
2024-12-01,South,Sports,623061.75,101078.2
2024-12-01,South,Books,486379.27,97799.7
2024-12-01,South,Toys,730847.52,101251.64
2024-12-01,East,Electronics,2527745.28,434015.73
2024-12-01,East,Mobile & Accessories,1771025.95,229482.32
2024-12-01,East,Computers,2199246.15,265809.06
2024-12-01,East,Home Appliances,2425424.05,407991.46
2024-12-01,East,Furniture,1468262.32,238545.13
2024-12-01,East,Clothing,1256639.27,202418.98
2024-12-01,East,Shoes,1145537.67,247067.12
2024-12-01,East,Beauty & Personal Care,863441.12,181739.25
2024-12-01,East,Grocery,828093.65,132411.99
2024-12-01,East,Sports,706133.35,144803.84
2024-12-01,East,Books,597878.38,88018.25
2024-12-01,East,Toys,569619.07,60608.29
2024-12-01,West,Electronics,2200692.24,452663.13
2024-12-01,West,Mobile & Accessories,1544720.94,196196.55
2024-12-01,West,Computers,2231462.09,416351.69
2024-12-01,West,Home Appliances,2512638.94,344631.61
2024-12-01,West,Furniture,1414794.43,256955.05
2024-12-01,West,Clothing,1262213.33,196509.07
2024-12-01,West,Shoes,1134786.8,128328.59
2024-12-01,West,Beauty & Personal Care,856258.51,116831.8
2024-12-01,West,Grocery,1057887.08,152605.63
2024-12-01,West,Sports,635817.82,67395.26
2024-12-01,West,Books,437370.72,78588.33
2024-12-01,West,Toys,604143.39,97317.97
2025-01-01,North,Electronics,2978701.84,418710.94
2025-01-01,North,Mobile & Accessories,1764992.96,230888.32
2025-01-01,North,Computers,2051486.06,396015.09
2025-01-01,North,Home Appliances,2570968.75,342110.89
2025-01-01,North,Furniture,1316166.68,176758.59
2025-01-01,North,Clothing,1202715.36,163627.25
2025-01-01,North,Shoes,849173.42,143288.27
2025-01-01,North,Beauty & Personal Care,949569.43,102962.33
2025-01-01,North,Grocery,1055148.46,116551.46
2025-01-01,North,Sports,746624.28,98097.3
2025-01-01,North,Books,537506.1,70830.15
2025-01-01,North,Toys,554814.05,64726.74
2025-01-01,South,Electronics,2038866.24,430570.71
2025-01-01,South,Mobile & Accessories,1844622.1,212065.2
2025-01-01,South,Computers,2647589.65,327929.87
2025-01-01,South,Home Appliances,2521848.7,402985.17
2025-01-01,South,Furniture,1970717.81,424519.16
2025-01-01,South,Clothing,1481240.88,310958.91
2025-01-01,South,Shoes,999778.34,154017.49
2025-01-01,South,Beauty & Personal Care,646462.97,141711.93
2025-01-01,South,Grocery,1001405.77,207115.7
2025-01-01,South,Sports,745657.88,161867.62
2025-01-01,South,Books,622474.85,78350.21
2025-01-01,South,Toys,627426.47,110464.34
2025-01-01,East,Electronics,2710699.33,544545.52
2025-01-01,East,Mobile & Accessories,2191352.01,447065.91
2025-01-01,East,Computers,1864830.9,387129.56
2025-01-01,East,Home Appliances,2480303.16,392602.01
2025-01-01,East,Furniture,1499277.92,155097.96
2025-01-01,East,Clothing,1014868.6,205616.87
2025-01-01,East,Shoes,1070057.84,129847.04
2025-01-01,East,Beauty & Personal Care,814225.68,81509.82
2025-01-01,East,Grocery,1110785.39,178680.89
2025-01-01,East,Sports,817615.75,138643.85
2025-01-01,East,Books,562588.07,60381.59
2025-01-01,East,Toys,575432.02,63230.71
2025-01-01,West,Electronics,2345567.0,411415.74
2025-01-01,West,Mobile & Accessories,1670382.97,181051.44
2025-01-01,West,Computers,2119156.62,440983.19
2025-01-01,West,Home Appliances,2058063.64,430089.68
2025-01-01,West,Furniture,1552382.03,313918.49
2025-01-01,West,Clothing,1266523.68,258025.56
2025-01-01,West,Shoes,1020854.6,136569.23
2025-01-01,West,Beauty & Personal Care,785920.67,120796.74
2025-01-01,West,Grocery,941732.17,198022.27
2025-01-01,West,Sports,726032.45,158209.43
2025-01-01,West,Books,605997.81,86592.86
2025-01-01,West,Toys,795107.46,100764.13
2025-02-01,North,Electronics,2621328.87,359281.53
2025-02-01,North,Mobile & Accessories,1752527.53,274491.84
2025-02-01,North,Computers,2609873.72,490921.87
2025-02-01,North,Home Appliances,2888059.7,405833.99
2025-02-01,North,Furniture,1500376.13,273363.05
2025-02-01,North,Clothing,1167374.22,233527.39
2025-02-01,North,Shoes,993589.35,151764.69
2025-02-01,North,Beauty & Personal Care,897416.45,126844.16
2025-02-01,North,Grocery,915965.9,189818.33
2025-02-01,North,Sports,841392.72,119079.71
2025-02-01,North,Books,487782.24,68427.71
2025-02-01,North,Toys,599134.28,101588.41
2025-02-01,South,Electronics,2911684.43,473689.29
2025-02-01,South,Mobile & Accessories,1667964.75,267911.28
2025-02-01,South,Computers,2279651.01,461283.76
2025-02-01,South,Home Appliances,2709611.12,437254.75
2025-02-01,South,Furniture,1664701.92,226995.36
2025-02-01,South,Clothing,989810.44,121872.84
2025-02-01,South,Shoes,1145167.61,236772.5
2025-02-01,South,Beauty & Personal Care,855415.52,103183.96
2025-02-01,South,Grocery,979838.93,121217.41
2025-02-01,South,Sports,811315.44,165531.14
2025-02-01,South,Books,595072.61,126384.68
2025-02-01,South,Toys,790771.16,142061.73
2025-02-01,East,Electronics,2798901.63,359779.44
2025-02-01,East,Mobile & Accessories,1958349.91,338665.1
2025-02-01,East,Computers,2316205.39,364697.33
2025-02-01,East,Home Appliances,2600159.4,402601.84
2025-02-01,East,Furniture,1860306.92,203951.74
2025-02-01,East,Clothing,1179011.39,240912.89
2025-02-01,East,Shoes,1035440.28,192026.83
2025-02-01,East,Beauty & Personal Care,998054.85,104246.54
2025-02-01,East,Grocery,947516.59,161219.35
2025-02-01,East,Sports,703419.08,76686.39
2025-02-01,East,Books,504856.93,109315.62
2025-02-01,East,Toys,521567.23,100457.31
2025-02-01,West,Electronics,2465914.94,352171.25
2025-02-01,West,Mobile & Accessories,1820215.97,277733.71
2025-02-01,West,Computers,1895949.01,290596.19
2025-02-01,West,Home Appliances,2037502.8,299914.44
2025-02-01,West,Furniture,1574739.78,167760.8
2025-02-01,West,Clothing,1388076.38,158393.27
2025-02-01,West,Shoes,1178004.81,169953.94
2025-02-01,West,Beauty & Personal Care,759531.29,157201.65
2025-02-01,West,Grocery,916530.12,104043.5
2025-02-01,West,Sports,642016.86,90589.44
2025-02-01,West,Books,491068.05,104217.91
2025-02-01,West,Toys,710960.44,138042.07
2025-03-01,North,Electronics,2410170.29,241093.18
2025-03-01,North,Mobile & Accessories,2223960.2,396673.3
2025-03-01,North,Computers,2163148.55,231137.82
2025-03-01,North,Home Appliances,2298505.53,303125.09
2025-03-01,North,Furniture,1635182.23,167000.4
2025-03-01,North,Clothing,1299564.31,229866.64
2025-03-01,North,Shoes,1062781.58,194043.44
2025-03-01,North,Beauty & Personal Care,751503.03,158786.17
2025-03-01,North,Grocery,904561.83,172169.27
2025-03-01,North,Sports,633335.83,90295.48
2025-03-01,North,Books,606984.42,73397.42
2025-03-01,North,Toys,803603.74,158806.35
2025-03-01,South,Electronics,2864890.0,616498.67
2025-03-01,South,Mobile & Accessories,2032891.67,383355.15
2025-03-01,South,Computers,1851333.9,277146.39
2025-03-01,South,Home Appliances,2268202.4,281224.82
2025-03-01,South,Furniture,1872051.06,215048.33
2025-03-01,South,Clothing,1113496.29,167180.04
2025-03-01,South,Shoes,1057042.89,216712.7
2025-03-01,South,Beauty & Personal Care,695583.22,93744.09
2025-03-01,South,Grocery,981655.06,143173.93
2025-03-01,South,Sports,633377.11,73014.55
2025-03-01,South,Books,578789.77,101143.46
2025-03-01,South,Toys,775574.62,110683.47
2025-03-01,East,Electronics,3025965.21,609673.29
2025-03-01,East,Mobile & Accessories,2058382.6,269217.93
2025-03-01,East,Computers,2623877.05,263690.08
2025-03-01,East,Home Appliances,2452977.95,403948.93
2025-03-01,East,Furniture,1281048.99,161344.46
2025-03-01,East,Clothing,1355041.68,195903.31
2025-03-01,East,Shoes,992730.11,153893.16
2025-03-01,East,Beauty & Personal Care,933939.07,140787.89
2025-03-01,East,Grocery,1018341.04,180848.59
2025-03-01,East,Sports,720868.51,98779.52
2025-03-01,East,Books,423220.4,64245.94
2025-03-01,East,Toys,606554.89,124243.13
2025-03-01,West,Electronics,2357604.34,404442.22
2025-03-01,West,Mobile & Accessories,1858617.23,385306.99
2025-03-01,West,Computers,1819010.94,398652.66
2025-03-01,West,Home Appliances,2185378.63,358228.57
2025-03-01,West,Furniture,1968966.1,214940.52
2025-03-01,West,Clothing,1310848.5,243256.68
2025-03-01,West,Shoes,988032.12,192698.83
2025-03-01,West,Beauty & Personal Care,694422.81,138399.8
2025-03-01,West,Grocery,1107544.6,118883.09
2025-03-01,West,Sports,869039.73,160493.65
2025-03-01,West,Books,598314.98,74423.13
2025-03-01,West,Toys,525840.8,104927.74
2025-04-01,North,Electronics,2443529.16,252845.99
2025-04-01,North,Mobile & Accessories,1948896.01,281204.53
2025-04-01,North,Computers,1824870.47,388937.58
2025-04-01,North,Home Appliances,2542403.1,429464.12
2025-04-01,North,Furniture,1466569.31,275956.87
2025-04-01,North,Clothing,974926.35,146808.84
2025-04-01,North,Shoes,830959.8,121213.11
2025-04-01,North,Beauty & Personal Care,907301.27,178749.1
2025-04-01,North,Grocery,780018.32,101208.48
2025-04-01,North,Sports,704645.42,108460.73
2025-04-01,North,Books,480831.29,94666.92
2025-04-01,North,Toys,528695.13,73537.35
2025-04-01,South,Electronics,2772221.56,558176.63
2025-04-01,South,Mobile & Accessories,1925860.66,373223.33
2025-04-01,South,Computers,2057675.13,344750.93
2025-04-01,South,Home Appliances,2765448.05,333555.72
2025-04-01,South,Furniture,1976735.04,280177.18
2025-04-01,South,Clothing,1188398.71,163209.71
2025-04-01,South,Shoes,1071842.92,192819.44
2025-04-01,South,Beauty & Personal Care,941227.91,138282.46
2025-04-01,South,Grocery,1054670.07,145279.69
2025-04-01,South,Sports,779713.29,152926.4
2025-04-01,South,Books,617206.14,71700.95
2025-04-01,South,Toys,601721.77,93835.59
2025-04-01,East,Electronics,2803905.74,301043.78
2025-04-01,East,Mobile & Accessories,2243465.95,453330.84
2025-04-01,East,Computers,2351557.19,386696.22
2025-04-01,East,Home Appliances,2588704.87,372521.34
2025-04-01,East,Furniture,1872652.91,227820.24
2025-04-01,East,Clothing,965865.24,167745.01
2025-04-01,East,Shoes,988320.95,192844.92
2025-04-01,East,Beauty & Personal Care,956001.0,204090.78
2025-04-01,East,Grocery,934925.92,173185.37
2025-04-01,East,Sports,824595.68,170685.27
2025-04-01,East,Books,590335.38,71084.34
2025-04-01,East,Toys,559446.76,67355.6
2025-04-01,West,Electronics,2295625.05,365928.99
2025-04-01,West,Mobile & Accessories,1628528.75,263080.6
2025-04-01,West,Computers,2003816.34,305582.63
2025-04-01,West,Home Appliances,2352092.63,305012.49
2025-04-01,West,Furniture,1472388.53,323055.25
2025-04-01,West,Clothing,1028265.24,209108.6
2025-04-01,West,Shoes,924648.47,142204.44
2025-04-01,West,Beauty & Personal Care,972843.95,141159.33
2025-04-01,West,Grocery,1086643.87,121431.65
2025-04-01,West,Sports,604606.86,73490.57
2025-04-01,West,Books,409813.31,88159.99
2025-04-01,West,Toys,545387.95,68594.03
2025-05-01,North,Electronics,2276346.07,404597.31
2025-05-01,North,Mobile & Accessories,2221579.39,428213.61
2025-05-01,North,Computers,2726928.64,378981.58
2025-05-01,North,Home Appliances,2958973.2,349766.92
2025-05-01,North,Furniture,1892715.11,323869.33
2025-05-01,North,Clothing,1034563.51,127814.58
2025-05-01,North,Shoes,832695.46,97201.87
2025-05-01,North,Beauty & Personal Care,750539.29,163763.84
2025-05-01,North,Grocery,915222.75,163381.9
2025-05-01,North,Sports,757841.06,87462.67
2025-05-01,North,Books,525538.98,76442.81
2025-05-01,North,Toys,748003.95,106247.46
2025-05-01,South,Electronics,2028843.59,328916.48
2025-05-01,South,Mobile & Accessories,1923195.25,384574.96
2025-05-01,South,Computers,2244489.77,371675.23
2025-05-01,South,Home Appliances,2721452.26,353045.91
2025-05-01,South,Furniture,1654693.78,220592.64
2025-05-01,South,Clothing,1351287.9,212856.07
2025-05-01,South,Shoes,902624.85,139822.8
2025-05-01,South,Beauty & Personal Care,959582.25,190416.6
2025-05-01,South,Grocery,781608.47,122726.18
2025-05-01,South,Sports,692229.93,151190.24
2025-05-01,South,Books,590053.06,96151.97
2025-05-01,South,Toys,679659.88,111414.39
2025-05-01,East,Electronics,2632996.26,438123.52
2025-05-01,East,Mobile & Accessories,1771004.65,305143.36
2025-05-01,East,Computers,2326970.54,312983.63
2025-05-01,East,Home Appliances,2849846.7,582411.33
2025-05-01,East,Furniture,1748355.61,359063.48
2025-05-01,East,Clothing,1005812.19,189256.71
2025-05-01,East,Shoes,844230.06,160175.14
2025-05-01,East,Beauty & Personal Care,953657.78,110484.77
2025-05-01,East,Grocery,838889.65,143390.09
2025-05-01,East,Sports,579700.59,85018.76
2025-05-01,East,Books,480960.39,85247.43
2025-05-01,East,Toys,702406.83,88198.98
2025-05-01,West,Electronics,2064111.53,300266.4
2025-05-01,West,Mobile & Accessories,1711030.28,356963.79
2025-05-01,West,Computers,1760063.21,229028.82
2025-05-01,West,Home Appliances,2516142.24,502445.09
2025-05-01,West,Furniture,1892252.94,384384.75
2025-05-01,West,Clothing,1273640.41,195809.21
2025-05-01,West,Shoes,883439.42,161802.2
2025-05-01,West,Beauty & Personal Care,790867.67,102491.03
2025-05-01,West,Grocery,762070.74,164253.38
2025-05-01,West,Sports,785634.9,123688.72
2025-05-01,West,Books,408551.33,44966.92
2025-05-01,West,Toys,703220.21,100013.97
2025-06-01,North,Electronics,2781351.8,400259.6
2025-06-01,North,Mobile & Accessories,1453740.41,185691.35
2025-06-01,North,Computers,2226233.43,405068.99
2025-06-01,North,Home Appliances,2311862.49,326379.91
2025-06-01,North,Furniture,1362858.73,237749.91
2025-06-01,North,Clothing,1228902.38,137765.16
2025-06-01,North,Shoes,893832.84,188772.73
2025-06-01,North,Beauty & Personal Care,699477.9,123762.49
2025-06-01,North,Grocery,1028903.91,209726.56
2025-06-01,North,Sports,689570.74,96097.78
2025-06-01,North,Books,614165.5,122726.69
2025-06-01,North,Toys,604046.54,94429.76
2025-06-01,South,Electronics,2116676.92,441321.73
2025-06-01,South,Mobile & Accessories,1520251.0,324078.82
2025-06-01,South,Computers,2619460.1,556929.92
2025-06-01,South,Home Appliances,2319682.02,297942.68
2025-06-01,South,Furniture,1310659.98,175229.16
2025-06-01,South,Clothing,1316038.91,158869.11
2025-06-01,South,Shoes,878271.52,125159.04
2025-06-01,South,Beauty & Personal Care,645508.9,105771.75
2025-06-01,South,Grocery,827516.72,162272.84
2025-06-01,South,Sports,769352.98,154327.58
2025-06-01,South,Books,419802.32,87206.83
2025-06-01,South,Toys,587013.65,86221.84
2025-06-01,East,Electronics,2949928.23,311588.29
2025-06-01,East,Mobile & Accessories,2103677.95,230145.77
2025-06-01,East,Computers,2488680.08,282981.13
2025-06-01,East,Home Appliances,2129509.41,451204.14
2025-06-01,East,Furniture,1391630.33,156750.39
2025-06-01,East,Clothing,1038809.97,105608.01
2025-06-01,East,Shoes,1202308.65,207456.88
2025-06-01,East,Beauty & Personal Care,872840.52,136972.17
2025-06-01,East,Grocery,962178.12,175566.69
2025-06-01,East,Sports,819852.35,152433.69
2025-06-01,East,Books,609594.2,66032.3
2025-06-01,East,Toys,725239.04,147571.86
2025-06-01,West,Electronics,2290109.73,496977.72
2025-06-01,West,Mobile & Accessories,1759355.61,358032.22
2025-06-01,West,Computers,1773995.54,367314.93
2025-06-01,West,Home Appliances,2173088.08,444540.25
2025-06-01,West,Furniture,1484077.78,322420.64
2025-06-01,West,Clothing,1031331.23,125183.69
2025-06-01,West,Shoes,1145738.21,179390.0
2025-06-01,West,Beauty & Personal Care,904733.3,104885.91
2025-06-01,West,Grocery,1001900.17,189847.38
2025-06-01,West,Sports,698096.04,86775.74
2025-06-01,West,Books,482738.74,48499.13
2025-06-01,West,Toys,675333.28,119157.76
2025-07-01,North,Electronics,2911279.03,440654.54
2025-07-01,North,Mobile & Accessories,1670289.01,344836.42
2025-07-01,North,Computers,2077367.02,396886.86
2025-07-01,North,Home Appliances,2774232.61,568576.66
2025-07-01,North,Furniture,1803547.16,193524.54
2025-07-01,North,Clothing,1089080.53,126958.53
2025-07-01,North,Shoes,1234881.88,209171.62
2025-07-01,North,Beauty & Personal Care,651193.84,134697.53
2025-07-01,North,Grocery,880223.14,141871.04
2025-07-01,North,Sports,872013.9,149254.53
2025-07-01,North,Books,555087.8,87218.68
2025-07-01,North,Toys,607490.6,65778.06
2025-07-01,South,Electronics,3111685.84,635455.89
2025-07-01,South,Mobile & Accessories,1811645.59,264969.22
2025-07-01,South,Computers,2506486.77,458865.99
2025-07-01,South,Home Appliances,2212793.68,307676.34
2025-07-01,South,Furniture,1841132.24,340123.72
2025-07-01,South,Clothing,1039671.77,197112.6
2025-07-01,South,Shoes,1053275.83,124789.54
2025-07-01,South,Beauty & Personal Care,880201.87,176485.95
2025-07-01,South,Grocery,1093986.49,220821.61
2025-07-01,South,Sports,750697.23,129090.04
2025-07-01,South,Books,510071.35,51707.55
2025-07-01,South,Toys,620192.62,116294.53
2025-07-01,East,Electronics,3042107.18,610966.55
2025-07-01,East,Mobile & Accessories,1744891.68,193253.66
2025-07-01,East,Computers,2642746.03,324633.64
2025-07-01,East,Home Appliances,2536981.12,337263.35
2025-07-01,East,Furniture,1390242.15,267778.23
2025-07-01,East,Clothing,1162988.48,136492.75
2025-07-01,East,Shoes,974673.22,199359.35
2025-07-01,East,Beauty & Personal Care,680360.03,95890.37
2025-07-01,East,Grocery,722650.95,125791.18
2025-07-01,East,Sports,727431.71,125433.79
2025-07-01,East,Books,566683.79,88673.07
2025-07-01,East,Toys,738082.15,87804.31
2025-07-01,West,Electronics,2084240.61,434550.56
2025-07-01,West,Mobile & Accessories,2224591.33,484481.67
2025-07-01,West,Computers,2696986.34,522834.64
2025-07-01,West,Home Appliances,2022709.72,437926.68
2025-07-01,West,Furniture,1742936.03,252806.41
2025-07-01,West,Clothing,1044112.75,186308.43
2025-07-01,West,Shoes,1144251.48,122870.6
2025-07-01,West,Beauty & Personal Care,657866.36,126689.61
2025-07-01,West,Grocery,1032855.15,138011.84
2025-07-01,West,Sports,788878.04,147813.38
2025-07-01,West,Books,421177.16,81580.41
2025-07-01,West,Toys,657644.53,69634.0
2025-08-01,North,Electronics,2450893.88,421953.11
2025-08-01,North,Mobile & Accessories,1720206.91,245567.92
2025-08-01,North,Computers,1839010.06,198549.47
2025-08-01,North,Home Appliances,2677377.32,330086.39
2025-08-01,North,Furniture,1612048.94,276247.21
2025-08-01,North,Clothing,1142174.68,150801.78
2025-08-01,North,Shoes,1015016.86,120914.32
2025-08-01,North,Beauty & Personal Care,867660.06,182431.45
2025-08-01,North,Grocery,786899.13,120004.51
2025-08-01,North,Sports,664475.62,106305.73
2025-08-01,North,Books,514594.46,106278.81
2025-08-01,North,Toys,601869.75,112484.23
2025-08-01,South,Electronics,2389285.85,413196.99
2025-08-01,South,Mobile & Accessories,1875228.06,286100.64
2025-08-01,South,Computers,1881058.28,409463.53
2025-08-01,South,Home Appliances,2701925.18,517201.34
2025-08-01,South,Furniture,1362114.28,236297.67
2025-08-01,South,Clothing,1371041.92,243738.81
2025-08-01,South,Shoes,876304.88,100583.14
2025-08-01,South,Beauty & Personal Care,917696.92,121643.49
2025-08-01,South,Grocery,949354.49,194121.98
2025-08-01,South,Sports,764827.38,137870.22
2025-08-01,South,Books,560724.62,71668.8
2025-08-01,South,Toys,664275.06,111054.18
2025-08-01,East,Electronics,2199111.83,428055.06
2025-08-01,East,Mobile & Accessories,1894478.8,224119.17
2025-08-01,East,Computers,2695193.25,410165.76
2025-08-01,East,Home Appliances,2869228.75,617727.71
2025-08-01,East,Furniture,1743590.93,308835.46
2025-08-01,East,Clothing,1363697.0,275299.9
2025-08-01,East,Shoes,1064839.73,120007.64
2025-08-01,East,Beauty & Personal Care,967737.11,103316.4
2025-08-01,East,Grocery,951861.29,130976.34
2025-08-01,East,Sports,737990.65,142376.7
2025-08-01,East,Books,596077.1,111212.62
2025-08-01,East,Toys,649652.0,101589.6
2025-08-01,West,Electronics,2304121.0,314092.01
2025-08-01,West,Mobile & Accessories,1505378.86,151379.29
2025-08-01,West,Computers,1780767.72,353628.06
2025-08-01,West,Home Appliances,2630596.66,528368.74
2025-08-01,West,Furniture,1329338.22,195096.83
2025-08-01,West,Clothing,1331036.62,214781.17
2025-08-01,West,Shoes,831304.05,128074.82
2025-08-01,West,Beauty & Personal Care,928575.91,142785.99
2025-08-01,West,Grocery,883237.01,135013.14
2025-08-01,West,Sports,837514.08,94976.35
2025-08-01,West,Books,608974.16,70441.17
2025-08-01,West,Toys,554879.46,113294.0
2025-09-01,North,Electronics,2599977.28,291912.35
2025-09-01,North,Mobile & Accessories,2040797.41,288738.51
2025-09-01,North,Computers,2156352.06,412698.03
2025-09-01,North,Home Appliances,2722695.82,529809.12
2025-09-01,North,Furniture,1931995.76,371316.29
2025-09-01,North,Clothing,1438898.9,314667.93
2025-09-01,North,Shoes,1133782.79,128032.88
2025-09-01,North,Beauty & Personal Care,649161.52,101870.62
2025-09-01,North,Grocery,1111582.19,144226.64
2025-09-01,North,Sports,597628.06,84130.35
2025-09-01,North,Books,542038.54,60848.16
2025-09-01,North,Toys,713816.74,100885.47
2025-09-01,South,Electronics,3118387.07,324274.77
2025-09-01,South,Mobile & Accessories,1925928.89,414466.45
2025-09-01,South,Computers,2389293.38,313992.39
2025-09-01,South,Home Appliances,2974847.54,510608.85
2025-09-01,South,Furniture,1431305.31,277482.29
2025-09-01,South,Clothing,1221975.74,249990.7
2025-09-01,South,Shoes,987219.84,200581.97
2025-09-01,South,Beauty & Personal Care,684185.38,135321.11
2025-09-01,South,Grocery,1076914.24,190104.77
2025-09-01,South,Sports,587684.32,118827.96
2025-09-01,South,Books,481319.59,104890.22
2025-09-01,South,Toys,542362.58,73540.57
2025-09-01,East,Electronics,2161762.55,311454.91
2025-09-01,East,Mobile & Accessories,1945212.62,304784.62
2025-09-01,East,Computers,1828279.54,253866.06
2025-09-01,East,Home Appliances,2841798.22,362818.85
2025-09-01,East,Furniture,1838928.46,373574.73
2025-09-01,East,Clothing,1366126.79,146983.34
2025-09-01,East,Shoes,1192125.34,213563.26
2025-09-01,East,Beauty & Personal Care,771986.94,81102.49
2025-09-01,East,Grocery,919546.7,194599.97
2025-09-01,East,Sports,575628.47,118889.26
2025-09-01,East,Books,440436.07,87325.36
2025-09-01,East,Toys,642728.26,135245.32
2025-09-01,West,Electronics,2330960.7,235910.92
2025-09-01,West,Mobile & Accessories,1462504.74,223628.86
2025-09-01,West,Computers,2231969.43,314372.51
2025-09-01,West,Home Appliances,2587352.65,432396.02
2025-09-01,West,Furniture,1324205.72,169305.2
2025-09-01,West,Clothing,1283741.78,276228.36
2025-09-01,West,Shoes,1230611.77,244779.78
2025-09-01,West,Beauty & Personal Care,743381.6,155845.12
2025-09-01,West,Grocery,1025196.2,131868.31
2025-09-01,West,Sports,666391.3,72177.14
2025-09-01,West,Books,613257.21,120659.32
2025-09-01,West,Toys,705856.2,75325.08
2025-10-01,North,Electronics,2466652.13,248287.39
2025-10-01,North,Mobile & Accessories,1896632.6,191697.84
2025-10-01,North,Computers,1872377.55,407777.72
2025-10-01,North,Home Appliances,2382847.3,406411.03
2025-10-01,North,Furniture,1295773.3,259174.12
2025-10-01,North,Clothing,1365080.42,253765.04
2025-10-01,North,Shoes,1008725.05,125960.43
2025-10-01,North,Beauty & Personal Care,862874.23,103442.24
2025-10-01,North,Grocery,720133.4,117437.07
2025-10-01,North,Sports,772759.29,141151.02
2025-10-01,North,Books,405081.69,60623.35
2025-10-01,North,Toys,810821.85,151839.84
2025-10-01,South,Electronics,2182696.22,401996.91
2025-10-01,South,Mobile & Accessories,2091737.23,393607.06
2025-10-01,South,Computers,1958297.91,310663.6
2025-10-01,South,Home Appliances,2144948.86,462812.74
2025-10-01,South,Furniture,1734436.4,252176.33
2025-10-01,South,Clothing,1101345.37,202814.38
2025-10-01,South,Shoes,1026160.7,159290.62
2025-10-01,South,Beauty & Personal Care,939692.39,187596.84
2025-10-01,South,Grocery,865353.4,88779.22
2025-10-01,South,Sports,712513.6,78325.24
2025-10-01,South,Books,419283.24,82533.39
2025-10-01,South,Toys,731879.82,130574.07
2025-10-01,East,Electronics,2402953.4,472041.95
2025-10-01,East,Mobile & Accessories,1841017.92,309542.39
2025-10-01,East,Computers,2329697.66,417459.76
2025-10-01,East,Home Appliances,2295748.51,292233.18
2025-10-01,East,Furniture,1511495.75,174735.33
2025-10-01,East,Clothing,1324226.18,143661.42
2025-10-01,East,Shoes,905525.37,131008.31
2025-10-01,East,Beauty & Personal Care,950449.72,157793.55
2025-10-01,East,Grocery,1002280.1,205341.57
2025-10-01,East,Sports,641227.85,72396.27
2025-10-01,East,Books,621388.4,81714.9
2025-10-01,East,Toys,628591.2,132374.61
2025-10-01,West,Electronics,2934858.35,495072.08
2025-10-01,West,Mobile & Accessories,2124142.89,438934.6
2025-10-01,West,Computers,2734271.55,510346.31
2025-10-01,West,Home Appliances,2550805.42,531567.98
2025-10-01,West,Furniture,1676920.99,282606.52
2025-10-01,West,Clothing,1150522.04,178852.24
2025-10-01,West,Shoes,910053.24,163863.56
2025-10-01,West,Beauty & Personal Care,950680.83,177381.41
2025-10-01,West,Grocery,806649.84,134106.55
2025-10-01,West,Sports,824936.87,151727.95
2025-10-01,West,Books,495414.33,77735.0
2025-10-01,West,Toys,538065.16,77542.45
2025-11-01,North,Electronics,2132843.07,450385.74
2025-11-01,North,Mobile & Accessories,1937329.58,388656.22
2025-11-01,North,Computers,2267827.68,454150.38
2025-11-01,North,Home Appliances,2020228.94,433646.16
2025-11-01,North,Furniture,1558001.26,209979.64
2025-11-01,North,Clothing,1037183.2,120406.59
2025-11-01,North,Shoes,1159505.59,241232.87
2025-11-01,North,Beauty & Personal Care,925195.57,201708.31
2025-11-01,North,Grocery,748787.17,152831.55
2025-11-01,North,Sports,672293.44,138944.98
2025-11-01,North,Books,413622.02,47701.67
2025-11-01,North,Toys,761578.83,161791.62
2025-11-01,South,Electronics,2994649.47,647638.97
2025-11-01,South,Mobile & Accessories,1615951.65,293858.02
2025-11-01,South,Computers,2626478.35,487119.32
2025-11-01,South,Home Appliances,2078512.0,257796.65
2025-11-01,South,Furniture,1971838.0,225239.65
2025-11-01,South,Clothing,1302624.8,227833.33
2025-11-01,South,Shoes,1139305.42,232757.12
2025-11-01,South,Beauty & Personal Care,775547.56,113746.99
2025-11-01,South,Grocery,890545.79,195083.15
2025-11-01,South,Sports,659262.18,121903.27
2025-11-01,South,Books,523171.56,106581.07
2025-11-01,South,Toys,531361.76,72397.91
2025-11-01,East,Electronics,2263745.41,308025.33
2025-11-01,East,Mobile & Accessories,2002896.36,240511.81
2025-11-01,East,Computers,2378578.38,407323.14
2025-11-01,East,Home Appliances,2177710.98,431727.27
2025-11-01,East,Furniture,1480503.62,279326.82
2025-11-01,East,Clothing,1211099.74,207047.9
2025-11-01,East,Shoes,1139805.97,232167.4
2025-11-01,East,Beauty & Personal Care,818347.68,108353.97
2025-11-01,East,Grocery,909799.31,117447.47
2025-11-01,East,Sports,590343.75,114845.86
2025-11-01,East,Books,437112.04,76885.52
2025-11-01,East,Toys,687186.08,105283.52
2025-11-01,West,Electronics,2108288.58,301142.37
2025-11-01,West,Mobile & Accessories,2241263.6,305763.7
2025-11-01,West,Computers,2660593.47,509087.77
2025-11-01,West,Home Appliances,1931188.81,217198.14
2025-11-01,West,Furniture,1380624.16,194352.92
2025-11-01,West,Clothing,1125985.72,206738.01
2025-11-01,West,Shoes,893566.81,138180.42
2025-11-01,West,Beauty & Personal Care,991424.45,173200.58
2025-11-01,West,Grocery,1024454.04,210899.62
2025-11-01,West,Sports,703155.39,138512.47
2025-11-01,West,Books,532423.2,107020.68
2025-11-01,West,Toys,669499.06,94386.54
2025-12-01,North,Electronics,2843500.31,294260.48
2025-12-01,North,Mobile & Accessories,2105379.58,227389.22
2025-12-01,North,Computers,2353241.07,323776.56
2025-12-01,North,Home Appliances,2670280.06,564525.45
2025-12-01,North,Furniture,1916196.29,321798.57
2025-12-01,North,Clothing,1269435.84,259123.85
2025-12-01,North,Shoes,1176333.47,154890.87
2025-12-01,North,Beauty & Personal Care,758908.24,109752.38
2025-12-01,North,Grocery,941589.46,152453.03
2025-12-01,North,Sports,841392.95,173445.6
2025-12-01,North,Books,563554.29,121402.42
2025-12-01,North,Toys,801033.66,97678.36
2025-12-01,South,Electronics,2531239.28,267030.59
2025-12-01,South,Mobile & Accessories,1549353.88,234225.67
2025-12-01,South,Computers,2000376.87,402286.76
2025-12-01,South,Home Appliances,2489282.42,264601.28
2025-12-01,South,Furniture,1842068.68,359746.8
2025-12-01,South,Clothing,1441988.02,171155.41
2025-12-01,South,Shoes,970505.49,184708.45
2025-12-01,South,Beauty & Personal Care,679389.4,120725.03
2025-12-01,South,Grocery,1061823.97,152083.45
2025-12-01,South,Sports,581011.1,81425.95
2025-12-01,South,Books,496664.25,92563.89
2025-12-01,South,Toys,806860.23,88720.03
2025-12-01,East,Electronics,2530706.39,390492.32
2025-12-01,East,Mobile & Accessories,2190618.43,446833.21
2025-12-01,East,Computers,2331523.75,349549.25
2025-12-01,East,Home Appliances,1999623.9,369358.45
2025-12-01,East,Furniture,1784700.83,239336.28
2025-12-01,East,Clothing,1399472.64,149186.96
2025-12-01,East,Shoes,888500.65,148705.03
2025-12-01,East,Beauty & Personal Care,847487.25,162039.56
2025-12-01,East,Grocery,816128.08,96855.68
2025-12-01,East,Sports,807024.67,108457.19
2025-12-01,East,Books,481703.12,102638.73
2025-12-01,East,Toys,705854.6,78553.04
2025-12-01,West,Electronics,2812012.42,446253.2
2025-12-01,West,Mobile & Accessories,1750072.68,342558.81
2025-12-01,West,Computers,2482680.9,347583.11
2025-12-01,West,Home Appliances,2979592.85,516308.18
2025-12-01,West,Furniture,1597273.51,199779.41
2025-12-01,West,Clothing,1442666.0,148902.59
2025-12-01,West,Shoes,999458.47,124262.98
2025-12-01,West,Beauty & Personal Care,870042.0,109307.87
2025-12-01,West,Grocery,1038954.82,114903.46
2025-12-01,West,Sports,623399.12,112942.95
2025-12-01,West,Books,473624.18,93712.63
2025-12-01,West,Toys,649763.71,138116.77
